{
	"label": "매크로 얽힘",
	"entries": {
		"Entanglement Generator": {
			"name": "매크로 얽힘",
			"command": "const tableHeatA = '얽힘 - 열기 0-3';  // Entanglements - Heat 0-3\nconst tableHeatB = '얽힘 - 열기 4/5';  // Entanglements - Heat 4/5\nconst tableHeatC = '얽힘 - 열기 6+';   // Entanglements - Heat 6+\nconst compendiumTables = '얽힘';       // Compendium name \nconst version = '1.2';\nmain();\n\n/*\nTODO\n- replace text by journal\n\nsource: https://raw.githubusercontent.com/brunocalado/mestre-digital/master/Foundry%20VTT/Macros/Forged%20in%20the%20Dark/bid-entanglement.js\ncontributors: brunocalado, LebombJames\nicon: icons/magic/nature/root-vines-entwined-leaves.webp\n*/\n  \nasync function main() {\n  \n  playersNames = game.actors.contents.filter((t) => t.type === \"crew\").map((p=> p.name)); \n\n  let playerNameList;\n\n  playersNames.map((el) => {      \n    playerNameList += `<option value=\"${el}\">${el}</option>`;      \n  });  \n  \n  new Dialog({\n    title: `Entanglement - v${version}`,\n    content: `\n    <h2>조직</h2>\n    <p><select id=\"playerName\" style=\"width: 100%\">${playerNameList}</select></p>\n    <br>\n    <p>\n      <input type=\"checkbox\" data-dType=\"Boolean\" id=\"whisper\" checked/>비공개 굴림?\n    </p>\n    `,\n    buttons: {\n      roll: {\n        label: \"굴리기!\",\n        callback: (html) => {\n          createImageFolder(html);\n        }\n      }, \n      cancel: {\n        label: \"취소\"\n      }\n    }\n  }).render(true)\n}\n\nasync function createImageFolder(html) {\n  let playerName = html.find(\"#playerName\")[0].value;\n  let whisper = html.find(\"#whisper\")[0].checked;\n\n  let crew = game.actors.getName(playerName).system;\n  let crewHeat = parseInt(crew.heat);\n  let crewWanted = parseInt(crew.wanted);\n\n  let entanglementToUse = '';\n\n  switch (crewHeat) {\n    case 0:\n    case 1:\n    case 2:\n    case 3:\n      entanglementToUse = await drawFromTable(tableHeatA, compendiumTables) \n    break\n    case 4:\n    case 5:\n      entanglementToUse = await drawFromTable(tableHeatB, compendiumTables) \n    break\n    case 6:\n    case 7:\n    case 8:\n    case 9:\n      entanglementToUse = await drawFromTable(tableHeatC, compendiumTables) \n  }\n\n  let rollFormula = `${crewWanted}d6kh1`;\n  if (rollFormula === \"0d6kh1\") {\n    rollFormula = \"2d6kl1\";\n  }\n\n  entanglementToUse.formula = rollFormula;\n  \n  if (whisper) {\n    entanglementToUse.draw({rollMode: 'gmroll'});\n  } else {\n    entanglementToUse.draw();\n  }  \n}\n\nasync function drawFromTable(tableName, compendiumName) {\n  let list_compendium = await game.packs.filter(p=>p.documentName==='RollTable');      \n  let inside = await list_compendium.filter( p=>p.metadata.label===compendiumName )[0].getDocuments();      \n  let table = await inside.filter( p=> p.name === tableName )[0];\n  \n  if (!table) {\n    ui.notifications.warn(`Table ${tableName} not found.`, {});\n    return;\n  }\n  return table;\n}"
		}
	}
}