{
  "label": "감옥",
  "mapping": {
    "description": "system.description",
    "experience_clues": "system.experience_clues",
    "terrname1": "system.turfs.1.name",
    "terrdesc1": "system.turfs.1.description",
    "terrname2": "system.turfs.2.name",
    "terrdesc2": "system.turfs.2.description",
    "terrname3": "system.turfs.3.name",
    "terrdesc3": "system.turfs.3.description",
    "terrname4": "system.turfs.4.name",
    "terrdesc4": "system.turfs.4.description",
    "terrname5": "system.turfs.5.name",
    "terrdesc5": "system.turfs.5.description",
    "terrname6": "system.turfs.6.name",
    "terrdesc6": "system.turfs.6.description",
    "terrname7": "system.turfs.7.name",
    "terrdesc7": "system.turfs.7.description",
    "terrname8": "system.turfs.8.name",
    "terrdesc8": "system.turfs.8.description",
    "terrname9": "system.turfs.9.name",
    "terrdesc9": "system.turfs.9.description",
    "terrname10": "system.turfs.10.name",
    "terrdesc10": "system.turfs.10.description",
    "terrname11": "system.turfs.11.name",
    "terrdesc11": "system.turfs.11.description",
    "terrname12": "system.turfs.12.name",
    "terrdesc12": "system.turfs.12.description"
   
  },
  "entries": {
    "Ironhook Prison": {
      "name": "쇠갈고리 감옥",
      "description": "",
      "terrname1": "가석방",
      "terrdesc1": "수감 기간을 한 단계 줄입니다.",
      "terrname2": "밀반입",
      "terrdesc2": "수감 중에 <b>+2 하중</b>을 갖습니다.",
      "terrname3": "동맹 이권",
      "terrdesc3": "다른 조직 유형의 이권 하나를 선택합니다.",
      "terrname4": "지배권",
      "terrdesc4": "PC들은 수감으로 트라우마를 받지 않습니다.",
      "terrname5": "간수 뇌물",
      "terrdesc5": "수감 판정에 <b>+1d</b>를 받습니다.",
      "terrname6": "BITD.Prison",
      "terrdesc6": "쇠갈고리",
      "terrname7": "간수 뇌물",
      "terrdesc7": "수감 판정에 <b>+1d</b>를 받습니다.",
      "terrname8": "동맹 이권",
      "terrdesc8": "다른 조직 유형의 이권 하나를 선택합니다.",
      "terrname9": "질긴 친구",
      "terrdesc9": "조직의 등급을 높일 때 금전이 통상보다 2만큼 덜 듭니다.",
      "terrname10": "밀반입",
      "terrdesc10": "수감 중에 <b>+2 하중</b>을 갖습니다.",
      "terrname11": "동맹 이권",
      "terrdesc11": "다른 조직 유형의 이권 하나를 선택합니다.",
      "terrname12": "동맹 이권",
      "terrdesc12": "다른 조직 유형의 이권 하나를 선택합니다."
    }
  }
}