{
  "label": "특수 능력",
  "mapping": {
    "description": "system.description",
    "class": "system.class"
  },
  "entries": {
    "(C) Battleborn": {
      "name": "(C) 전사 근성",
      "description": "특수 갑옷을 소비하면: 전투에서 공격으로 인한 피해를 감소시키거나, 전투 중에 분발을 공짜로 할 수 있습니다.",
      "class": "칼잡이"
    },
    "(C) Bodyguard": {
      "name": "(C) 보디가드",
      "description": "팀원을 보호할 때 저항 판정에 +1d를 받습니다. 지금 상황에서 위협이 될 만한 것을 예측하기 위해 정보 수집을 할 때 +1 효과를 받습니다.",
      "class": "칼잡이"
    },
    "(C) Ghost Fighter": {
      "name": "(C) 유령잡이",
      "description": "손, 근접 무기, 또는 도구에 영 에너지를 불어넣을 수 있습니다. 이로써 초자연적인 것과 전투를 할 때 위력을 얻습니다. 손으로 영을 붙잡아 구속하거나 포획할 수도 있습니다.",
      "class": "칼잡이"
    },
    "(C) Leader": {
      "name": "(C) 지도자",
      "description": "전투에서 부하에게 명령을 하면 원래는 무력해져야 할 상황에서도 계속 싸웁니다 (3단계 피해를 입어도 제거되지 않습니다). 부하는 +1 효과와 1 갑옷을 얻습니다.",
      "class": "칼잡이"
    },
    "(C) Mule": {
      "name": "(C) 노새",
      "description": "하중 한계가 더 높아집니다. 가벼움: 5. 보통: 7. 무거움: 8.",
      "class": "칼잡이"
    },
    "(C) Not to be Trifled With": {
      "name": "(C) 함부로 건드리지 마라",
      "description": "분발을 하면 다음 중 하나를 할 수 있습니다: 거의 초인적인 물리력을 한 번 드러냅니다 — 근접전에서 작은 규모의 적들 (최대 6명)과 동등하게 싸웁니다.",
      "class": "칼잡이"
    },
    "(C) Savage": {
      "name": "(C) 야만성",
      "description": "폭력을 특히 무시무시하게 씁니다. 이로 인해 공포에 질린 대상에게 명령을 할 때 +1d를 받습니다.",
      "class": "칼잡이"
    },
    "(C) Veteran": {
      "name": "(C) 베테랑",
      "description": "다른 플레이북에서 특수 능력을 하나 선택합니다 (여러 번 선택 가능).",
      "class": "칼잡이"
    },
    "(C) Vigorous": {
      "name": "(C) 활기",
      "description": "피해를 더 빨리 회복합니다. 치유 시계를 영구적으로 1단계 채우세요. 치료 판정에는 +1d를 받습니다.",
      "class": "칼잡이"
    },
    "(G) Dissipate": {
      "name": "(G) 분산",
      "description": "몸의 엘렉트로플라즘 기체를 분산시켜 잠시 고체를 통과할 수 있습니다. 분산할 때는 1 소모를 기본으로 받고, 다음의 효과들 중에서 선택한 것만큼의 소모를 더 받습니다: 더 오래 지속됩니다 (1분 — 1시간 — 1일) — 완전히 투명해집니다 — 자기가 통과하는 물체는 위험할 정도로 전기가 흐르거나 얼어붙습니다.",
      "class": "유령"
    },
    "(G) Ghost Form": {
      "name": "(G) 유령의 형태",
      "description": "유령이 되면 이 특징을 공짜로 받습니다. 유령은 엘렉트로플라즘 기체가 모인 존재입니다. 살아있을 때의 몸과 복장을 닮았습니다. 물질 세계와는 약한 영향만을 주고받습니다. 마도 능력과 엘렉트로플라즘 효과에 취약합니다. 공중을 떠다니듯 이동하며, 지치지 않고 빠르게 날 수 있습니다. 기체이기 때문에, 좁은 틈새로 천천히 스며들 수 있습니다. 유령은 주변의 온도를 낮추며, 자기를 보는 산 사람으로 하여금 극도의 공포에 빠지게 만듭니다. 퇴령의 부적, 그리고 유령사의 강제 능력에 영향을 받습니다 (저항 판정을 해서 이 효과를 극복할 수 있습니다). 스트레스를 받지 않고 대신 소모를 받습니다. 트라우마를 받아야 할 때는 대신 암울을 받습니다.",
      "class": "유령"
    },
    "(G) Manifest": {
      "name": "(G) 현신",
      "description": "1 소모를 받으면 유령장의 엘렉트로플라즘 통로를 지나 자기가 생전 잘 알았던 장소 (또는 강제에 의한 소환이 이루어지는 장소)로 갈 수 있습니다.",
      "class": "유령"
    },
    "(G) Poltergeist": {
      "name": "(G) 폴터가이스트",
      "description": "1 소모를 받으면 물질 세계와 잠시 동안 강한 영향을 주고 받을 수 있습니다 (마치 몸이 있는 것과도 같습니다). 소모를 더 받으면 (2~6) 영향을 주는 범위와 권능을 확장시켜 염력과 엘렉트로플라즘 방전을 포함시킬 수 있습니다.",
      "class": "유령"
    },
    "(G) Possess": {
      "name": "(G) 빙의",
      "description": "유령장에 조율을 해서 살아있는 남의 몸을 조종할 수 있습니다. 몸의 통제에 어려움이 있으면 다시 조율을 하거나 (엘렉트로플라즘 피해의 위험이 있습니다) 몸을 떠나야 합니다. 몸의 통제에 대한 어려움은 다음과 같은 경우 일어납니다: 자신이 숙주에게서 영 에너지를 흡수할 때 — 빙의를 방해하는 마도 능력이 작용할 때 — 숙주가 필사적인 의지력을 발휘할 때.",
      "class": "유령"
    },
    "(G) Veteran": {
      "name": "(G) 베테랑",
      "description": "다른 플레이북에서 특수 능력을 하나 선택합니다 (여러 번 선택 가능).",
      "class": "유령"
    },
    "(H) Focused": {
      "name": "(H) 집중력",
      "description": "특수 갑옷을 소비하면: 기습 및 정신적 피해 (공포, 혼란, 사냥감을 놓침)에 관련된 대가에 저항하거나, 장거리 전투 및 추적에 관한 분발을 공짜로 할 수 있습니다.",
      "class": "사냥개"
    },
    "(H) Ghost Hunter": {
      "name": "(H) 유령잡이",
      "description": "사냥용 동물에 영 에너지가 깃들어 있습니다. 동물은 초자연적인 것을 추적하거나 전투에서 상대할 때 위력을 얻고, 다음의 마도 능력들 중 하나를 얻습니다: 유령 형태 — 정신 연결 — 화살 같은 속도. 이 능력을 한 번 더 선택하면 동물에게 마도 능력을 하나 더 줄 수 있습니다.",
      "class": "사냥개"
    },
    "(H) Scout": {
      "name": "(H) 척후",
      "description": "목표의 위치를 알아내기 위해 정보를 수집하면 +1 효과를 받습니다. 위장을 하거나 미리 준비해 둔 자리에 숨으면 탐지를 피하기 위한 판정에 +1d를 받습니다.",
      "class": "사냥개"
    },
    "(H) Sharpshooter": {
      "name": "(H) 명사수",
      "description": "분발을 하면 다음 중 한 가지를 할 수 있습니다: 그 무기의 통상 사거리를 벗어난 초장거리에서 장거리 공격을 합니다 — 속사를 해서 제압 사격을 합니다.",
      "class": "사냥개"
    },
    "(H) Survivor": {
      "name": "(H) 죽음의 땅 생존술",
      "description": "어렵게 얻은 경험 덕분에, 어쩌면 오컬트 의식 덕분에, 죽음의 땅에 만연한 독안개에 영향을 받지 않고, 그곳에 사는 기이한 동식물을 먹고 살 수 있습니다. 스트레스 칸이 하나 늘어납니다.",
      "class": "사냥개"
    },
    "(H) Tough as Nails": {
      "name": "(H) 끈질김",
      "description": "피해로 유발되는 페널티가 한 단계 낮은 것으로 칩니다 (그래도 4단계 피해는 치명적입니다).",
      "class": "사냥개"
    },
    "(H) Vengeful": {
      "name": "(H) 복수심",
      "description": "추가 xp 발생 조건을 얻습니다: 자신, 또는 자신이 아끼는 사람을 해친 자에게 복수했다. 조직이 복수에 도움을 주었다면 조직 xp에도 표시를 합니다.",
      "class": "사냥개"
    },
    "(H) Veteran": {
      "name": "(H) 베테랑",
      "description": "다른 플레이북에서 특수 능력을 하나 선택합니다 (여러 번 선택 가능).",
      "class": "사냥개"
    },
    "(Hu) Automaton": {
      "name": "(Hu) 자동인형",
      "description": "영틀은 스파크 기술로 만든 몸에 영이 깃든 존재입니다. 기본적으로 인간과 비슷한 힘과 감각이 있고, 갑옷도 있습니다 (하중으로 치지 않습니다). 기존의 인간으로서의 감정, 관심사, 인간 관계는 희미한 기억에 지나지 않습니다. 이제는 자기에게 주어진 역할을 다하기 위해 존재합니다. 프레임의 크기, 외모, 시작 기능 하나를 정합니다. 심각하게 손상되거나 파괴되면 다시 만들 수 있습니다. 영혼 그릇이 깨지면 노예의 신세에서 해방되어 유령이 됩니다. 스트레스를 받지 않고 대신 소모를 받습니다. 트라우마를 받아야 할 때는 대신 고장을 받습니다.",
      "class": "영틀"
    },
    "(Hu) Compartments": {
      "name": "(Hu) 수납고",
      "description": "소지품을 몸체에 실을 수 있습니다. 평소에는 보이지 않게 패널 뒤에 수납됩니다. 이제 +2 하중을 더 휴대할 수 있습니다.",
      "class": "영틀"
    },
    "(Hu) Electroplasmic Projectors": {
      "name": "(Hu) 엘렉트로플라즘 방출 장치",
      "description": "플라즘 에너지를 주변에 전기장으로 펼치거나 한 줄기 빔으로 쏠 수 있습니다. 번개 장벽을 만들어 유령을 막거나 가둘 수도 있습니다. 권능 1단계마다 1 소모를 받습니다.",
      "class": "영틀"
    },
    "(Hu) Interface": {
      "name": "(Hu) 인터페이스",
      "description": "근처의 엘렉트로플라즘 동력장에 조율하여 이를 조종할 수 있습니다. 동력장에 연결된 것 (다른 영틀 포함)을 조종할 수도 있습니다.",
      "class": "영틀"
    },
    "(Hu) Overcharge": {
      "name": "(Hu) 과부하",
      "description": "1 소모를 받으면 극단적인 힘이나 속도를 발휘할 수 있습니다 (말보다 빨리 달리거나, 맨손으로 금속을 찢는 등). 이것은 효과에 반영됩니다.",
      "class": "영틀"
    },
    "(Hu) Secondary Hull": {
      "name": "(Hu) 예비 프레임",
      "description": "영틀을 하나 더 고르고 시작 기능을 선택하세요. 두 틀 사이에서 자유로이 의식을 이전할 수 있습니다.",
      "class": "영틀"
    },
    "(Le) Alchemist": {
      "name": "(Le) 연금술사",
      "description": "연금술 성질을 가진 물건을 발명하거나 제작하면 판정 결과가 한 단계 높아집니다 (예를 들어 1~3은 4/5가 됩니다). 특수 제법을 한 가지 아는 상태로 시작합니다.",
      "class": "거머리"
    },
    "(Le) Analyst": {
      "name": "(Le) 분석가",
      "description": "막간 동안, 수사/조사에 관계되었거나 새로운 제법/설계를 배우는 장기 프로젝트 시계들을 아무 거나 도합 두 칸 채울 수 있습니다.",
      "class": "거머리"
    },
    "(Le) Artificer": {
      "name": "(Le) 스파크 장인",
      "description": "스파크 기술의 성질을 가진 물건을 발명하거나 제작하면 판정 결과가 한 단계 높아집니다 (예를 들어 1~3은 4/5가 됩니다). 스파크 기술 설계를 한 가지 아는 상태로 시작합니다.",
      "class": "거머리"
    },
    "(Le) Fortitude": {
      "name": "(Le) 강인함",
      "description": "특수 갑옷을 소비하면: 피로, 약점, 화학적 효과와 관련된 대가에 저항하거나, 기술 작업 및 연금물 취급 판정에서 분발을 공짜로 할 수 있습니다.",
      "class": "거머리"
    },
    "(Le) Ghost Ward": {
      "name": "(Le) 유령진",
      "description": "마도 재료를 사용하여 특정 장소를 다른 용도로 쓰지 못하도록 파괴하면, 그 장소는 영들을 밀어내는 배척진이 되거나 끌어들이는 유인진이 됩니다 (그때 선택).",
      "class": "거머리"
    },
    "(Le) Physicker": {
      "name": "(Le) 의술",
      "description": "뼈와 살과 체액으로 땜질을 하여 부상을 치료하거나 죽어가는 사람을 안정시킬 수 있습니다. 질환이나 시신을 연구할 수도 있습니다. 자신을 포함하여 조직의 모두가 치료 판정에 +1d를 받습니다.",
      "class": "거머리"
    },
    "(Le) Saboteur": {
      "name": "(Le) 파괴 전문가",
      "description": "파괴를 할 때 아주 조용히, 그냥 봐서는 흔적을 보기 매우 어렵게 할 수 있습니다.",
      "class": "거머리"
    },
    "(Le) Venomous": {
      "name": "(Le) 독 분비",
      "description": "도구띠에 넣을 수 있는 것 중에서 약이나 독을 하나 선택합니다. 이 물질에 면역이 되며, 분발을 해서 그 독이나 약을 피부나 침샘에서 분비하거나 숨결로 뿜을 수 있습니다.",
      "class": "거머리"
    },
    "(Le) Veteran": {
      "name": "(Le) 베테랑",
      "description": "다른 플레이북에서 특수 능력을 하나 선택합니다 (여러 번 선택 가능).",
      "class": "거머리"
    },
    "(Lu) Ambush": {
      "name": "(Lu) 암습",
      "description": "숨어 있다가 공격하거나 함정을 발동시키면 판정에 +1d를 받습니다.",
      "class": "족제비"
    },
    "(Lu) Daredevil": {
      "name": "(Lu) 필사의 도박",
      "description": "필사적인 판정을 할 때 +1d를 받을 수 있습니다. 단, 그러기로 하면 그 행동에서 비롯되는 대가에 대한 모든 저항 판정에 -1d를 받습니다.",
      "class": "족제비"
    },
    "(Lu) Expertise": {
      "name": "(Lu) 전문 분야",
      "description": "행동 수치 하나를 선택합니다. 그 행동을 사용하여 집단 행동을 이끌 때는 몇 번 실패하건 간에 스트레스를 최대 1만 받습니다.",
      "class": "족제비"
    },
    "(Lu) Ghost Veil": {
      "name": "(Lu) 유령 베일",
      "description": "몸을 유령장으로 일부 전이시켜 잠깐 동안 실체 없는 그림자가 될 수 있습니다. 전이할 때는 2 스트레스를 기본으로 받고, 다음의 효과들 중에서 선택한 것만큼의 스트레스를 더 받습니다: 잠깐이 아니라 몇 분 지속됩니다 — 그림자가 아니라 완전히 투명해집니다 — 유령처럼 공중을 떠 갈 수 있습니다.",
      "class": "족제비"
    },
    "(Lu) Infiltrator": {
      "name": "(Lu) 잠입",
      "description": "보안 수단을 통과할 때 상대의 품질이나 등급에 영향을 받지 않습니다.",
      "class": "족제비"
    },
    "(Lu) Reflexes": {
      "name": "(Lu) 반사신경",
      "description": "누가 먼저 행동하는지 불확실하면 가장 먼저 행동합니다.",
      "class": "족제비"
    },
    "(Lu) Shadow": {
      "name": "(Lu) 그림자",
      "description": "특수 갑옷을 소비하면: 탐지 및 보안 수단에 관련된 대가에 저항하거나, 운동 능력 및 은밀성에 관련된 행동을 할 때 분발을 공짜로 할 수 있습니다.",
      "class": "족제비"
    },
    "(Lu) The Devil's Footsteps": {
      "name": "(Lu) 악마의 발놀림",
      "description": "분발을 하면 다음 중 하나를 할 수 있습니다: 거의 초인적인 운동 능력을 한 번 드러냅니다 — 적들이 실수로 서로 공격하도록 교묘하게 움직입니다.",
      "class": "족제비"
    },
    "(Lu) Veteran": {
      "name": "(Lu) 베테랑",
      "description": "다른 플레이북에서 특수 능력을 하나 선택합니다 (여러 번 선택 가능).",
      "class": "족제비"
    },
    "(Sl) A Little Something on the Side": {
      "name": "(Sl) 부업",
      "description": "막간이 끝날 때마다 +2 저축을 얻습니다.",
      "class": "할리퀸"
    },
    "(Sl) Cloak & Dagger": {
      "name": "(Sl) 망토와 단검",
      "description": "변장이나 그 외 은밀한 속임수를 사용하면 혼란을 일으키거나 의심을 피하기 위한 판정에 +1d를 받습니다. 변장을 풀면 상대를 놀라게 만들어 그 상황에서 우선적으로 행동할 수 있습니다.",
      "class": "할리퀸"
    },
    "(Sl) Ghost Voice": {
      "name": "(Sl) 유령의 목소리",
      "description": "아무리 짐승 같은 유령이나 악마라도 마치 인간인 것처럼 대화할 수 있는 비법을 압니다. 초자연과 대화할 때 위력을 얻습니다.",
      "class": "할리퀸"
    },
    "(Sl) Like Looking into a Mirror": {
      "name": "(Sl) 속이 다 보인다",
      "description": "상대가 거짓말을 하면 항상 알아챕니다.",
      "class": "할리퀸"
    },
    "(Sl) Mesmerism": {
      "name": "(Sl) 암시",
      "description": "상대를 현혹하면, 다음 번에 다시 만날 때까지 상대로 하여금 현혹당한 것을 잊게 만들 수 있습니다.",
      "class": "할리퀸"
    },
    "(Sl) Rook's Gambit": {
      "name": "(Sl) 박쥐의 도박",
      "description": "2 스트레스를 받으면 어떤 행동도 가장 높은 행동 수치로 판정할 수 있습니다. 어떻게 응용하는지 설명하세요.",
      "class": "할리퀸"
    },
    "(Sl) Subterfuge": {
      "name": "(Sl) 기만술",
      "description": "특수 갑옷을 소비하면: 의심 및 설득에서 비롯된 대가에 저항하거나, 속임수를 쓸 때 분발을 공짜로 할 수 있습니다.",
      "class": "할리퀸"
    },
    "(Sl) Trust in Me": {
      "name": "(Sl) 나를 믿어요",
      "description": "친밀한 관계인 상대에 대한 행동에 +1d를 받습니다.",
      "class": "할리퀸"
    },
    "(Sl) Veteran": {
      "name": "(Sl) 베테랑",
      "description": "다른 플레이북에서 특수 능력을 하나 선택합니다 (여러 번 선택 가능).",
      "class": "할리퀸"
    },
    "(Sp) Calculating": {
      "name": "(Sp) 계산적",
      "description": "철저한 계획 덕분에, 자기 자신이나 다른 조직원 한 명이 막간 활동을 하나 더 할 수 있게 됩니다.",
      "class": "거미"
    },
    "(Sp) Connected": {
      "name": "(Sp) 연줄의 그물",
      "description": "막간에 자산을 조달하거나 열기를 감소시킬 때 판정 결과가 한 단계 높아집니다.",
      "class": "거미"
    },
    "(Sp) Foresight": {
      "name": "(Sp) 선견",
      "description": "한 건수에 두 차례, 스트레스를 받지 않고 동료에게 도움을 줄 수 있습니다. 어떻게 대비했는지 묘사하세요.",
      "class": "거미"
    },
    "(Sp) Functioning Vice": {
      "name": "(Sp) 유용한 악습",
      "description": "악습에 탐닉할 때 주사위 결과를 1~2만큼 조정할 수 있습니다 (높게건 낮게건). 함께하는 동료들도 똑같이 할 수 있습니다.",
      "class": "거미"
    },
    "(Sp) Ghost Contract": {
      "name": "(Sp) 유령 계약",
      "description": "말과 악수로, 또는 문서로 계약을 하면 당신과 상대 (인간이건 아니건)는 둘 다 계약의 징표를 받습니다. 이 계약을 깬 당사자는 3단계 피해 “저주받음”을 받습니다.",
      "class": "거미"
    },
    "(Sp) Jail Bird": {
      "name": "(Sp) 감옥 단골",
      "description": "감옥에 갇히게 되었을 때, 수배 단계는 1 낮은 것으로, 등급은 1 높은 것으로 칩니다. 감옥에 있는 동안 다른 파벌을 도와주면 그 파벌의 호감이 +1 증가합니다. 이것은 수감 판정과 별도로 일어납니다.",
      "class": "거미"
    },
    "(Sp) Mastermind": {
      "name": "(Sp) 책략가",
      "description": "특수 갑옷을 소비하면: 팀원을 보호하거나 정보 수집 및 장기 프로젝트에서 분발을 공짜로 할 수 있습니다.",
      "class": "거미"
    },
    "(Sp) Veteran": {
      "name": "(Sp) 베테랑",
      "description": "다른 플레이북에서 특수 능력을 하나 선택합니다 (여러 번 선택 가능).",
      "class": "거미"
    },
    "(Sp) Weaving the Web": {
      "name": "(Sp) 거미줄 짜기",
      "description": "건수를 위해 목표에 관한 정보를 수집할 때 친교에 +1d를 받습니다. 또한 그 작전의 접근 판정에 +1d를 받습니다.",
      "class": "거미"
    },
    "(V) A Void in the Echo": {
      "name": "(V) 메아리 속의 공백",
      "description": "영에게 보이지 않고, 영에게 해를 입을 수도 없습니다. 2 스트레스를 받으면 살아있는 것들도 시선을 돌리고 잠시 동안 이쪽을 못 보게 됩니다.",
      "class": "뱀파이어"
    },
    "(V) Arcane Sight": {
      "name": "(V) 마도의 눈",
      "description": "1 스트레스를 받으면 몇 분 동안 사람의 감각을 넘어서 느낄 수 있습니다. 대상의 진짜 생각이나 감정을 “듣고”, 완전한 암흑 속에서 보고, 보이지 않는 것들의 존재를 느끼고, 감춰진 물건의 위치를 직관하는 등의 일을 할 수 있습니다.",
      "class": "뱀파이어"
    },
    "(V) Dark Talent": {
      "name": "(V) 어둠의 재능",
      "description": "통찰, 체력, 의지 중 하나를 고릅니다. 그 특성 수치 아래의 행동들은 최대치가 5로 증가합니다. 또한, 이 특성 수치로 저항 판정을 할 때는 +1d를 받습니다.",
      "class": "뱀파이어"
    },
    "(V) Sinister Guile": {
      "name": "(V) 음흉한 간계",
      "description": "막간에 다음 중 하나를 고릅니다: 막간 활동을 하나 더 받거나, 모든 막간 활동 판정에 +1d를 받습니다.",
      "class": "뱀파이어"
    },
    "(V) Terrible Power": {
      "name": "(V) 무시무시한 힘",
      "description": "1 스트레스를 받으면 극단적인 힘이나 속도를 발휘할 수 있습니다 (말보다 빨리 달리거나, 맨손으로 금속을 찢는 등). 이것은 효과에 반영됩니다.",
      "class": "뱀파이어"
    },
    "(V) Undead": {
      "name": "(V) 언데드",
      "description": "뱀파이어는 언데드 육신을 움직이는 영입니다. 트라우마는 꽉 차 있습니다. 이 캐릭터의 뱀파이어로서의 성질을 나타내는 트라우마 상태를 4개 고르세요. 마도 공격은 뱀파이어에게 위력적입니다. 뱀파이어는 치명적인 피해나 트라우마를 입어도 죽지 않지만, 영이 압도되기 때문에 충분히 먹어서 회복할 때까지 3단계 피해 “행동 불능”을 받습니다. 이 상태에서 마도 피해를 입으면 완전히 파괴됩니다. xp란은 더 깁니다 (성장이 느립니다). 스트레스 칸은 9칸이 아니라 12칸입니다.",
      "class": "뱀파이어"
    },
    "(V) Veteran": {
      "name": "(V) 베테랑",
      "description": "다른 플레이북에서 특수 능력을 하나 선택합니다 (여러 번 선택 가능).",
      "class": "뱀파이어"
    },
    "(W) Compel": {
      "name": "(W) 강제",
      "description": "유령장에 조율해서 가까이 있는 유령을 나타나게 하여 명령을 내릴 수 있습니다. 자기가 소환했거나 명령하려는 유령에게는 초자연적인 공포를 느끼지 않습니다 (동료들은 느낄 수도 있습니다).",
      "class": "유령사"
    },
    "(W) Ghost Mind": {
      "name": "(W) 유령 감지",
      "description": "주변에 초자연적 존재가 있으면 이를 항상 압니다. 어떤 수단을 사용하건 간에, 초자연에 관한 정보를 수집할 때 +1d를 받습니다.",
      "class": "유령사"
    },
    "(W) Iron Will": {
      "name": "(W) 철의 의지력",
      "description": "보통 사람이 초자연적 존재들을 볼 때 겪는 공포를 느끼지 않습니다. 의지로 저항 판정을 할 때 +1d를 받습니다.",
      "class": "유령사"
    },
    "(W) Occultist": {
      "name": "(W) 오컬티스트",
      "description": "태고의 힘, 잊힌 신, 악마들과 친교하는 비밀을 압니다. 이런 존재와 친교를 하고 나면 그 존재를 숭배하는 사람들에게 명령을 할 때 +1d를 받습니다.",
      "class": "유령사"
    },
    "(W) Ritual": {
      "name": "(W) 의식 마법",
      "description": "마법 의식에 해박합니다. 의식을 연구하면 (또는 새로 하나 만들면) 초자연적 효과나 존재를 불러낼 수 있습니다. 이 능력을 택할 때 의식 하나를 알게 됩니다.",
      "class": "유령사"
    },
    "(W) Strange Methods": {
      "name": "(W) 기이한 수법들",
      "description": "마도적 성질을 가진 물건을 발명하거나 제작하면 판정 결과가 한 단계 높아집니다 (예를 들어 1~3은 4/5가 됩니다). 마도 장치의 제조법을 한 가지 아는 상태로 시작합니다.",
      "class": "유령사"
    },
    "(W) Tempest": {
      "name": "(W) 폭풍",
      "description": "분발을 하면 다음 중 하나를 할 수 있습니다: 한 줄기 벼락을 내려 적을 공격한다 — 주변에 폭풍을 소환한다 (폭우, 센 바람, 짙은 안개, 차가운 서리와 눈 등등)",
      "class": "유령사"
    },
    "(W) Veteran": {
      "name": "(W) 베테랑",
      "description": "다른 플레이북에서 특수 능력을 하나 선택합니다 (여러 번 선택 가능).",
      "class": "유령사"
    },
    "(W) Warded": {
      "name": "(W) 보호진",
      "description": "특수 갑옷을 소비하면: 초자연적 대가에 저항하거나, 마도의 힘을 사용할 때 또는 이에 대항할 때 분발을 공짜로 할 수 있습니다.",
      "class": "유령사"
    }
  }
}