{
  "label": "혈통",
  "mapping": {
    "description": "system.description"
  },
  "entries": {
    "Akoros": {
      "name": "아코로스",
      "description": "아코로스는 제국에서 가장 크고 가장 산업화된 땅이며, 제국 수도와 도스크볼도 여기 있습니다. 아코로스인들은 수백 년에 걸쳐 여러 문화가 서로 인접해 발전한, 다양성 풍부한 곳입니다. 유럽과도 비슷합니다."
    },
    "Iruvia": {
      "name": "이루비아",
      "description": "현지인들에게 “이국적”으로 인식되고 싶으면 이루비아에서 왔다고 할 만합니다. 남쪽에 있는 부유하고 강력한 사막 왕국입니다. 이곳 또한 다양한 문화가 혼재한, 옛 페르시아, 이집트, 인도 같은 나라입니다."
    },
    "Severos": {
      "name": "세베로스",
      "description": "제국 사람들이 “야만국”으로 여기는 곳에서 왔다고 하려면 세베로스가 좋습니다. 세베로스에는 제국 마을들이 거의 없고, 대부분의 세베로스인은 황량한 죽음의 땅에 걸쳐 흩어진 기마 유목민들입니다. 고대에 지어진 요새들이 마도의 힘으로 영들을 막아주기 때문에, 그 안에서 살아갑니다."
    },
    "Skovlan": {
      "name": "스코블란",
      "description": "차별받는 민족이고 싶으면 스코블란 사람이 적절합니다. 도스크볼에서 바다를 건너면 바로 나오는 섬나라입니다. 스코블란은 제국의 36년에 걸친 통일전쟁에 의해 마지막으로 병합된 땅입니다 (전쟁은 불과 몇 년 전에 끝났습니다). 스코블란에는 전쟁으로 집과 일터를 잃은 난민들이 많고, 이 중 상당수가 새 기회를 찾아 도스크볼에 왔습니다."
    },
    "The Dagger Isles": {
      "name": "단검 제도",
      "description": "뿌리 없는 방랑자가 되고 싶으면 단검 제도 사람이 적절합니다. 어린 시절은 대개 배에서 보내고, 정착하기 전에 여행을 많이 합니다. 단검 제도에는 해적과 상인들이 많으며, 번개 장벽 없이 다른 방법으로 유령들을 상대합니다."
    },
    "Tycheros": {
      "name": "티케로스",
      "description": "아주 특이하고 싶으면 티케로스에서 왔다고 해도 좋습니다. 이곳은 공허해 북부 너머에 있는, 거의 전설에 가까운 곳입니다. 도스크볼에서는 티케로스인이 모두 절반은 악마라고 합니다. 티케로스 혈통이라고 설정했으면 악마적인 외모를 한 가지 정하세요 (상어 같이 새까만 눈, 머리카락 대신 깃털 등)."
    }
  }
}