{
  "label": "물품",
  "mapping": {
    "description": "system.description",
    "class": "system.class"
  },
  "entries": {
    "(C) Fine hand weapon": {
      "name": "(C) 고급 소형 무기",
      "description": "잘 만든 한손 근접 무기입니다. 원하는 것으로 선택하세요.",
      "class": "칼잡이"
    },
    "(C) Fine heavy weapon": {
      "name": "(C) 고급 대형 무기",
      "description": "잘 만든 양손 근접 무기입니다. 워해머, 그레이트소드, 군용 장창, 전투도끼 등등입니다.",
      "class": "칼잡이"
    },
    "(C) Manacles & chain": {
      "name": "(C) 족쇄와 쇠사슬",
      "description": "죄수가 찰 만한 묵직한 족쇄나 수갑과 쇠사슬입니다.",
      "class": "칼잡이"
    },
    "(C) Rage essence vial": {
      "name": "(C) 분노 에센스 한 병",
      "description": "1회용. 몇 분간 근력, 고통 저항력, 비이성적 호전성을 강화합니다.",
      "class": "칼잡이"
    },
    "(C) Scary weapon or tool": {
      "name": "(C) 무시무시한 무기나 도구",
      "description": "무섭게 생긴 소형 무기나 도구. 전투에서 피해를 더 주지는 않지만, 위협할 때는 효과가 증가합니다.",
      "class": "칼잡이"
    },
    "(H) A trained hunting pet": {
      "name": "(H) 훈련된 사냥용 동물",
      "description": "주인의 명령에 따를 뿐만 아니라 그 행동마저 예측하는 동물 친구입니다. 부하 (전문가: 사냥꾼).",
      "class": "사냥개"
    },
    "(H) Electroplasmic ammunition": {
      "name": "(H) 엘렉트로플라즘 탄약",
      "description": "유령에게 큰 위력을 발휘하지만 실체가 있는 목표에는 덜 효과적인 엘렉트로플라즘 탄약이 있습니다 (탄띠 하나 분량).",
      "class": "사냥개"
    },
    "(H) Fine long rifle": {
      "name": "(H) 고급 라이플",
      "description": "잘 만든 사냥총. 장거리에서 매우 정확하고 근거리에서는 거추장스럽습니다.",
      "class": "사냥개"
    },
    "(H) Fine pair of pistols": {
      "name": "(H) 고급 권총 한 쌍",
      "description": "짝이 맞는 권총 한 쌍. 정확도가 높고, 각각 총열이 2개라 한 번 장전하면 두 발씩 쏠 수 있습니다.",
      "class": "사냥개"
    },
    "(H) Spyglass": {
      "name": "(H) 망원경",
      "description": "놋쇠 금속통에 렌즈를 달아 멀리 보게 해 주는 물건. 접이식입니다. 라이플에 장착할 수도 있습니다.",
      "class": "사냥개"
    },
    "(Le) Bandolier": {
      "name": "(Le) 도구띠",
      "description": "몸에 대각선으로 걸치는 띠. 특수 패딩 주머니가 있어 스파크 기술 폭탄과 연금물을 합계 셋까지 넣을 수 있습니다. 도구띠에서 실제로 뽑아 쓸 때 오른쪽 목록 (또는 자기 고유의 제법)에서 하나를 고르면 됩니다. 공방이나 공급자를 이용 못할 상황만 아니면 막간에 자동으로 도구띠가 채워집니다.",
      "class": "거머리"
    },
    "(Le) Blowgun & darts, syringes": {
      "name": "(Le) 바람총과 바늘, 주사기",
      "description": "연금물을 넣는 작은 튜브와 바늘. 빈 주사기.",
      "class": "거머리"
    },
    "(Le) Fine tinkering tools": {
      "name": "(Le) 고급 땜질 공구",
      "description": "잘 만든 기계공의 도구 한 벌입니다. 보석세공사의 루페, 측정 도구 등.",
      "class": "거머리"
    },
    "(Le) Fine wrecking tools": {
      "name": "(Le) 고급 파괴 공구",
      "description": "파괴에 사용하는 전문 공구들입니다. 강력한 소형 드릴. 망치와 강철못. 쇠지레. 엘렉트로플라즘 배터리, 클램프, 전선. 산이 든 병. 절단 토치와 연료 탱크.",
      "class": "거머리"
    },
    "(Le) Gadgets": {
      "name": "(Le) 장치",
      "description": "도구와 재료로 땜질을 하면 장치를 만들 수 있습니다 (p.227 참조). 하중은 작전에 가지고 가는 장치 하나마다 따집니다.",
      "class": "거머리"
    },
    "(Lu) Dark-sight goggles": {
      "name": "(Lu) 야시 고글",
      "description": "빛이 전혀 없어도 대낮처럼 볼 수 있게 해 주는 마도 장치.",
      "class": "족제비"
    },
    "(Lu) Fine lockpicks": {
      "name": "(Lu) 고급 곁쇠",
      "description": "자물쇠를 딸 때 사용하는 잘 만든 도구입니다.",
      "class": "족제비"
    },
    "(Lu) Fine shadow cloak": {
      "name": "(Lu) 고급 그림자 망토",
      "description": "귀한 이루비아 그림자 비단으로 만들어 주변의 어둠처럼 색이 변하는 후드 달린 망토. 두르고 있으면 몰래 다닐 때 효과 단계가 높아집니다.",
      "class": "족제비"
    },
    "(Lu) Light climbing gear": {
      "name": "(Lu) 경량 등반 장비",
      "description": "표준 등반 장비보다 더 작고 가벼운 특제 등반 장비.",
      "class": "족제비"
    },
    "(Lu) Silence potion vial": {
      "name": "(Lu) 침묵의 물약",
      "description": "금색 액체가 든 병. 마신 사람으로부터 10발짝 내의 모든 소리가 없어집니다.",
      "class": "족제비"
    },
    "(Sl) A cane-sword": {
      "name": "(Sl) 지팡이칼",
      "description": "귀족의 지팡이로 위장한 검과 칼집. 그냥 봐서는 무기임을 알아챌 수 없습니다.",
      "class": "할리퀸"
    },
    "(Sl) Fine clothes & jewelry": {
      "name": "(Sl) 고급 옷과 장신구",
      "description": "부유한 귀족으로 보일 정도로 고급스러운 옷. [하중 0] 입고 있는 게 아니라 갈아입기 위해 따로 들고 있으면 [하중 2].",
      "class": "할리퀸"
    },
    "(Sl) Fine disguise kit": {
      "name": "(Sl) 고급 변장 도구",
      "description": "전문적인 도구와 재료가 잔뜩 갖추어진 극장용 분장 세트. 고급이기 때문에 속임수의 효과 단계가 높아질 수 있습니다.",
      "class": "할리퀸"
    },
    "(Sl) Fine loaded dice, trick cards": {
      "name": "(Sl) 고급 속임수 주사위, 사기 카드",
      "description": "특정한 결과가 잘 나오도록 은근하게 조작된 도박용품들. 고급이기 때문에 속임수의 효과 단계가 높아질 수 있습니다.",
      "class": "할리퀸"
    },
    "(Sl) Trance powder": {
      "name": "(Sl) 최면 가루",
      "description": "정신 상태에 이상을 일으키는 인기 약품 1회분. 이 가루에 당한 사람은 의식이 아예 없지는 않지만, 최면에 걸린 것처럼 차분하고 암시에 약한 상태가 됩니다.",
      "class": "할리퀸"
    },
    "(Sp) Blueprints": {
      "name": "(Sp) 도면들",
      "description": "유용한 건축 및 토목 도면들의 모음입니다. 이 물품을 소지품으로 선택할 때는 어떤 도면을 갖고 있는지 명시해도 좋습니다.",
      "class": "거미"
    },
    "(Sp) Concealed palm pistol": {
      "name": "(Sp) 소형 은닉 권총",
      "description": "조끼나 소매에 쉽게 감출 수 있는 약한 소형 화기. 이 권총은 사거리가 1m 남짓밖에 되지 않습니다. 대신 수색을 당해도 들킬 가능성이 아주 낮습니다.",
      "class": "거미"
    },
    "(Sp) Fine bottle of whiskey": {
      "name": "(Sp) 고급 위스키 한 병",
      "description": "희귀한 술. 알코올 함량도, 남에게 주는 인상도 위력적입니다.",
      "class": "거미"
    },
    "(Sp) Fine cover identity": {
      "name": "(Sp) 고급 위장 신분",
      "description": "다른 사람 시늉을 하는 데 충분한 서류, 일부러 심은 소문, 가짜 인간 관계.",
      "class": "거미"
    },
    "(Sp) Vial of slumber essence": {
      "name": "(Sp) 수면 에센스 한 병",
      "description": "사람을 1시간 재우기에 충분한 수면 에센스 1회분. 초자연적이지는 않지만 깊은 잠입니다. 좀 애쓰면 깨울 수 있습니다.",
      "class": "거미"
    },
    "(W) Demonbane charm": {
      "name": "(W) 퇴마의 부적",
      "description": "악마들이 웬만하면 피하려 드는 작은 마도 물품.",
      "class": "유령사"
    },
    "(W) Electroplasm vials": {
      "name": "(W) 엘렉트로플라즘 몇 병",
      "description": "던지면 깨져서 엘렉트로플라즘이 튑니다.",
      "class": "유령사"
    },
    "(W) Fine lightning hook": {
      "name": "(W) 고급 번개 갈고리",
      "description": "양손으로 잡는 긴 막대. 엘렉트로플라즘 축전기에 연결된 철사 고리가 끝에 붙어 있습니다. 영을 붙잡아서 유령병에 집어넣는 데 유용합니다. 이 갈고리는 휴대하기 좋은 특제 접이식이라, 양손용임에도 불구하고 하중은 1입니다.",
      "class": "유령사"
    },
    "(W) Fine spirit mask": {
      "name": "(W) 고급 영 가면",
      "description": "사용법을 알면 초자연적 에너지를 더 잘 볼 수 있게 되는 마도 물품. 유령의 빙의에 약간의 저항력도 제공합니다. 영 가면은 하나하나가 독특합니다. 이 가면은 어떻게 생겼나요? 어떤 점이 특이하고도 거슬리나요?",
      "class": "유령사"
    },
    "(W) Ghost key": {
      "name": "(W) 유령 열쇠",
      "description": "유령 문을 열 수 있는 마도 장치. 유령장에는 도시의 역사 전체가 메아리로서 갇혀 있습니다. 때로는 그리로 가는 문도 찾을 수 있습니다.",
      "class": "유령사"
    },
    "(W) Spirit bottles (2)": {
      "name": "(W) 유령병 (2개)",
      "description": "영을 잡아 넣을 수 있는 마도 장치. 금속과 수정으로 된 원통이며, 크기는 식빵 한 덩어리 정도입니다.",
      "class": "유령사"
    },
    "+ Heavy": {
      "name": "+ 중갑",
      "description": "여기에 메일, 금속판, 금속 투구를 추가한 것.",
      "class": ""
    },
    "A 2nd Pistol": {
      "name": "두 번째 권총",
      "description": "묵직한 후미장전식 단발 총기. 20보까지는 아주 강력합니다. 재장전이 느립니다.",
      "class": ""
    },
    "A Blade or Two": {
      "name": "칼 한두 자루",
      "description": "간단한 전투용 단도 한 자루. 또는 곡도 한 쌍. 레이피어와 스틸레토. 큼지막한 푸줏간 고기칼.",
      "class": ""
    },
    "A Large Weapon": {
      "name": "대형 무기",
      "description": "양손으로 쓰는 무기. 전투도끼, 그레이트소드, 워해머, 장병기. 사냥용 라이플. 나팔총. 활. 쇠뇌.",
      "class": ""
    },
    "A Pistol": {
      "name": "권총",
      "description": "묵직한 후미장전식 단발 총기. 20보까지는 아주 강력합니다. 재장전이 느립니다.",
      "class": ""
    },
    "An Unusual Weapon": {
      "name": "특이한 무기",
      "description": "도구나 기타 물품을 무기로 전용한 것. 채찍, 도리깨, 손도끼, 삽, 쇠사슬, 금속 부채, 앞쪽에 쇠를 댄 장화 등.",
      "class": ""
    },
    "Arcane Implements": {
      "name": "마도 용품",
      "description": "수은 한 병. 검은 소금 한 주머니. 작은 돌 형태의 유령닻. 유령병. 던지면 깨져서 튀게 만들어진 엘렉트로플라즘 1병.",
      "class": ""
    },
    "Armor": {
      "name": "갑옷",
      "description": "두꺼운 가죽 상의와 튼튼한 장갑, 장화.",
      "class": ""
    },
    "Burglary Gear": {
      "name": "도둑질 장비",
      "description": "곁쇠 한 세트. 작은 쇠지레. 삐걱거리는 경첩에 바를 기름이 든 병. 철사 타래와 낚싯바늘. 고운 모래가 든 작은 주머니 하나.",
      "class": ""
    },
    "Climbing Gear": {
      "name": "등반 장비",
      "description": "밧줄 작은 타래 하나. 밧줄 큰 타래 하나. 갈고리. 백묵 가루가 든 작은 주머니 하나. 쇠고리가 붙은 등반용 멜빵. 금속 피톤 한 묶음과 작은 망치.",
      "class": ""
    },
    "Demolition Tools": {
      "name": "파괴 공구",
      "description": "망치와 무쇠 스파이크. 대형 드릴. 쇠지레.",
      "class": ""
    },
    "Documents": {
      "name": "문서",
      "description": "다양한 주제에 관한 얇은 책들 (귀족이나 시 경비대 지휘관 등 주요 시민 목록 포함). 백지, 잉크병, 펜. 흥미로운 지도들 몇 장.",
      "class": ""
    },
    "Lantern": {
      "name": "랜턴",
      "description": "평범한 기름 랜턴, 멋진 엘렉트로플라즘 램프, 그 외 광원.",
      "class": ""
    },
    "Spiritbane Charm": {
      "name": "퇴령의 부적",
      "description": "유령들이 웬만하면 피하려 드는 작은 마도 물품.",
      "class": ""
    },
    "Subterfuge Supplies": {
      "name": "기만술 물자",
      "description": "극장용 분장 도구. 위조사가 바로 작업할 수 있는 빈 문서 양식들. 모조 장신구. 양면 망토와 눈에 띄는 독특한 모자. 위조 공직 배지.",
      "class": ""
    },
    "Throwing Knives": {
      "name": "투척용 단도",
      "description": "작고 가벼워 던지기 좋은 칼 6자루",
      "class": ""
    },
    "Tinkering Tools": {
      "name": "땜질 공구",
      "description": "기계공의 도구 한 벌입니다. 보석세공사의 루페, 핀셋, 작은 망치, 플라이어, 드라이버 등.",
      "class": ""
    }
  }
}