{
  "label": "플레이북",
  "mapping": {
    "description": "system.description",
    "experience_clues": "system.experience_clues"
  },
  "entries": {
    "Cutter": {
      "name": "칼잡이 (C)",
      "description": "위험하고 압도적인 싸움꾼.",
      "experience_clues": "난관에 위압이나 폭력으로 임했을 때."
    },
    "Ghost": {
      "name": "유령 (G)",
      "description": "복수를 갈구하는 몸 없는 영.",
      "experience_clues": "벌을 받아 마땅하다고 여기는 자에게 보복을 가했을 때, 분노를 표현하거나 자기의 혈통 또는 출신에 관련된 원한을 갚았을 때."
    },
    "Hound": {
      "name": "사냥개 (H)",
      "description": "치명적인 사수이자 추적자.",
      "experience_clues": "난관에 폭력이나 추적으로 임했을 때."
    },
    "Hull": {
      "name": "영틀 (Hu)",
      "description": "스파크 기술로 만든 틀에 깃든 영.",
      "experience_clues": "어려움이나 위험에도 불구하고 자기 역할을 완수할 때, 그리고 이전 자기가 갖고 있던 인간성을 억제하거나 무시할 때."
    },
    "Leech": {
      "name": "거머리 (Le)",
      "description": "기술자이자 파괴자.",
      "experience_clues": "난관에 기술적인 솜씨나 파괴로 임했을 때."
    },
    "Lurk": {
      "name": "족제비 (Lu)",
      "description": "은밀한 침입자이자 도둑.",
      "experience_clues": "난관에 은밀행동이나 회피로 임했을 때."
    },
    "Slide": {
      "name": "할리퀸 (Sl)",
      "description": "사람을 은근히 조종하는 스파이.",
      "experience_clues": "난관에 기만이나 영향력으로 임할 때."
    },
    "Spider": {
      "name": "거미 (Sp)",
      "description": "교활한 책략가.",
      "experience_clues": "난관에 계산이나 음모로 임했을 때."
    },
    "Vampire": {
      "name": "뱀파이어 (V)",
      "description": "언데드 몸을 움직이는 영.",
      "experience_clues": "자기의 우월함을 드러내거나 무자비하게 살해할 때."
    },
    "Whisper": {
      "name": "유령사 (W)",
      "description": "마도의 전문가이자 영매.",
      "experience_clues": "난관에 지식이나 마도의 힘으로 임했을 때."
    }
  }
}