{
  "label": "악습",
  "mapping": {
    "description": "system.description"
  },
  "entries": {
    "Faith": {
      "name": "신앙",
      "description": "- 나리아 수녀, 흐느끼는 여인의 집, 식스타워즈.<br>- 일라실, 잊힌 신들의 사원 폐허, 콜릿지.<br>- 넬리산느, 육신의 희열 교회, 브라이트스톤.<br>- 펜데린 공, 메아리의 기록원, 차터홀"
    },
    "Gambling": {
      "name": "도박",
      "description": "- 스포그의 주사위판, 크로우스풋.<br>- 그리스트, 복싱, 부두.<br>- 헬레네, 은사슴 카지노, 실크쇼어.<br>- 브린 선생, 개 경주, 나이트마켓.<br>- 더스크 대부인, 더스크 저택 클럽, 화이트크라운.<br>- 벨크 상사, 투기장, 던슬로."
    },
    "Luxury": {
      "name": "사치",
      "description": "- 싱어, 목욕탕, 크로우스풋.<br>- 하베일 브로건, 센투랄리아 클럽, 브라이트스톤.<br>- 트라벤의 담배가게, 콜릿지.<br>- 던드리지와 아들들, 고급 옷감과 재봉, 나이트마켓.<br>- 로젤 주방장, 황금자두 레스토랑, 식스타워즈.<br>- 마에스트로 헬러렌, 스파이어가든 극장, 화이트크라운."
    },
    "Obligation": {
      "name": "의무",
      "description": "- 가족 (혈통) 또는 옛 동료들 (출신).<br>- 허튼, 스코블란 난민들/혁명가들, 차홀로우.<br>- 불꽃고리회, 비밀결사."
    },
    "Pleasure": {
      "name": "쾌락",
      "description": "- 싱어, 목욕탕, 크로우스풋.<br>- 하베일 브로건, 센투랄리아 클럽, 브라이트스톤.<br>- 트라벤의 담배가게, 콜릿지.<br>- 던드리지와 아들들, 고급 옷감과 재봉, 나이트마켓.<br>- 로젤 주방장, 황금자두 레스토랑, 식스타워즈.<br>- 마에스트로 헬러렌, 스파이어가든 극장, 화이트크라운.<br>- 마딘 걸, 새는 양동이, 술집, 크로우스풋.<br>- 퍽스 볼린, 하프 타는 원숭이, 술집, 나이트마켓.<br>- 헬레네, 은사슴 카지노, 실크쇼어.<br>- 프레일라 대부인, 황제의 술통, 고급 바, 화이트크라운.<br>- 아브릭, 가루 상인, 배로클레프트.<br>- 롤란 볼라리스, 베일, 사교 클럽, 나이트마켓.<br>- 마담 테슬린, 붉은램프, 매춘굴, 실크쇼어.<br>- 엘드린 프리차드, 호화 유람선 은백조호, 브라이트스톤 운하.<br>- 보석과 새와 미소, 캣크롤 골목, 부두<br>- 트라벤의 담배가게, 콜릿지."
    },
    "Stupor": {
      "name": "망각",
      "description": "- 마딘 걸, 새는 양동이, 술집, 크로우스풋.<br>- 퍽스 볼린, 하프 타는 원숭이, 술집, 나이트마켓.<br>- 헬레네, 은사슴 카지노, 실크쇼어.<br>- 프레일라 대부인, 황제의 술통, 고급 바, 화이트크라운.<br>- 아브릭, 가루 상인, 배로클레프트.<br>- 롤란 볼라리스, 베일, 사교 클럽, 나이트마켓.<br>- 마담 테슬린, 붉은램프, 매춘굴, 실크쇼어.<br>- 엘드린 프리차드, 호화 유람선 은백조호, 브라이트스톤 운하.<br>- 보석과 새와 미소, 캣크롤 골목, 부두<br>- 트라벤의 담배가게, 콜릿지."
    },
    "Weird": {
      "name": "기괴",
      "description": "- 후드 쓴 주인이 운영하는 부두 근처의 반쯤 침수된 동굴 술집. 이상한 통로와 이상한 방들이 얽혀 있습니다.<br>- 요렌 신부, 흐느끼는 여인의 집, 식스타워즈.<br>- 화해자 “살리아”, 기분 따라 몸에서 몸으로 옮겨 다닙니다.<br>- 쏜 자매, 죽음의 땅 넝마주이들, 가독 역.<br>- 오자크, 지붕에 가게를 차린 티케로스 상인, 실크쇼어.<br>- 복자 아란나, 어느 잊힌 신의 사도, 나이트마켓 운하에 정박한 배에 삽니다."
    }
  }
}