{
  "label": "조직",
  "mapping": {
    "description": "system.description",
    "experience_clues": "system.experience_clues",
    "terrname1": "system.turfs.1.name",
    "terrdesc1": "system.turfs.1.description",
    "terrname2": "system.turfs.2.name",
    "terrdesc2": "system.turfs.2.description",
    "terrname3": "system.turfs.3.name",
    "terrdesc3": "system.turfs.3.description",
    "terrname4": "system.turfs.4.name",
    "terrdesc4": "system.turfs.4.description",
    "terrname5": "system.turfs.5.name",
    "terrdesc5": "system.turfs.5.description",
    "terrname6": "system.turfs.6.name",
    "terrdesc6": "system.turfs.6.description",
    "terrname7": "system.turfs.7.name",
    "terrdesc7": "system.turfs.7.description",
    "terrname8": "system.turfs.8.name",
    "terrdesc8": "system.turfs.8.description",
    "terrname9": "system.turfs.9.name",
    "terrdesc9": "system.turfs.9.description",
    "terrname10": "system.turfs.10.name",
    "terrdesc10": "system.turfs.10.description",
    "terrname11": "system.turfs.11.name",
    "terrdesc11": "system.turfs.11.description",
    "terrname12": "system.turfs.12.name",
    "terrdesc12": "system.turfs.12.description",
    "terrname13": "system.turfs.13.name",
    "terrdesc13": "system.turfs.13.description",
    "terrname14": "system.turfs.14.name",
    "terrdesc14": "system.turfs.14.description",
    "terrname15": "system.turfs.15.name",
    "terrdesc15": "system.turfs.15.description"
  },
  "entries": {
    "Assassins": {
      "name": "자객단",
      "description": "청부살인자들",
      "experience_clues": "- 사고, 실종, 살해, 납치 작전에 성공했을 때.\n- 자기 주제를 넘는 난관을 상대했을 때.\n- 조직의 평판을 강화하거나 새로운 평판을 얻었을 때.\n- 조직의 목표, 동기, 내적 갈등, 본질을 표현했을 때.",
      "terrname1": "훈련실",
      "terrdesc1": "<strong>생쥐</strong> 부하들의 <strong>규모가 +1</strong> 증가합니다.",
      "terrname2": "악습의 굴",
      "terrdesc2": "막간에 아무 때나 조직의 <strong>등급</strong>만큼 주사위를 굴리고, 가장 높은 눈에서 <strong>열기</strong>를 뺀 만큼의 <strong>금전</strong>을 얻습니다.",
      "terrname3": "거간꾼",
      "terrdesc3": "서민 의뢰인이 관련된 건수는 수입 <strong>금전</strong>이 +2 증가합니다.",
      "terrname4": "정보통",
      "terrdesc4": "건수를 찾기 위해 정보 수집을 할 때 <strong>+1d</strong>를 받습니다.",
      "terrname5": "먹장어 양식장",
      "terrdesc5": "살인 건수 후 열기 감소 막간 활동 판정에 <strong>+1d</strong>를 받습니다.",
      "terrname6": "기념품",
      "terrdesc6": "건수로 받는 <strong>명성</strong>이 +1 증가합니다.",
      "terrname7": "BITD.Turf",
      "terrdesc7": "영토",
      "terrname8": "BITD.Lair",
      "terrdesc8": "소굴",
      "terrname9": "BITD.Turf",
      "terrdesc9": "영토",
      "terrname10": "위장 업체",
      "terrdesc10": "건수마다 <strong>열기</strong>를 -2 덜 받습니다.",
      "terrname11": "보호세",
      "terrdesc11": "막간에 아무 때나 조직의 <strong>등급</strong>만큼 주사위를 굴리고, 가장 높은 눈에서 <strong>열기</strong>를 뺀 만큼의 <strong>금전</strong>을 얻습니다.",
      "terrname12": "의무실",
      "terrdesc12": "치료 판정에 <strong>+1d</strong>를 받습니다.",
      "terrname13": "중개인",
      "terrdesc13": "상류 사회 의뢰인이 관련된 건수는 수입 <strong>금전</strong>이 +2 증가합니다.",
      "terrname14": "위장 신분",
      "terrdesc14": "속임수 및 사교 계획의 접근 판정에 <strong>+1d</strong>를 받습니다.",
      "terrname15": "도시 기록물",
      "terrdesc15": "은밀 계획의 접근 판정에 <strong>+1d</strong>를 받습니다."
    },
    "Bravos": {
      "name": "건달패",
      "description": "<p>용병과 깡패들</p>",
      "experience_clues": "- 갈취, 싸움, 약탈, 파괴공작에 성공했을 때.\n- 자기 주제를 넘는 난관을 상대했을 때.\n- 조직의 평판을 강화하거나 새로운 평판을 얻었을 때.\n- 조직의 목표, 동기, 내적 갈등, 본질을 표현했을 때.",
      "terrname1": "병영",
      "terrdesc1": "<strong>깡패</strong> 부하들의 <strong>규모가 +1</strong> 증가합니다.",
      "terrname2": "BITD.Turf",
      "terrdesc2": "영토",
      "terrname3": "겁에 질린 주민들",
      "terrdesc3": "싸움이나 갈취에 관련된 건수는 수입 <strong>금전</strong>이 +2 증가합니다.",
      "terrname4": "정보통",
      "terrdesc4": "건수를 찾기 위해 정보 수집을 할 때 <strong>+1d</strong>를 받습니다.",
      "terrname5": "보호세",
      "terrdesc5": "막간에 아무 때나 조직의 <strong>등급</strong>만큼 주사위를 굴리고, 가장 높은 눈에서 <strong>열기</strong>를 뺀 만큼의 <strong>금전</strong>을 얻습니다.",
      "terrname6": "투기장",
      "terrdesc6": "막간에 아무 때나 조직의 <strong>등급</strong>만큼 주사위를 굴리고, 가장 높은 눈에서 <strong>열기</strong>를 뺀 만큼의 <strong>금전</strong>을 얻습니다.",
      "terrname7": "BITD.Turf",
      "terrdesc7": "영토",
      "terrname8": "BITD.Lair",
      "terrdesc8": "소굴",
      "terrname9": "BITD.Turf",
      "terrdesc9": "영토",
      "terrname10": "BITD.Turf",
      "terrdesc10": "영토",
      "terrname11": "의무실",
      "terrdesc11": "치료 판정에 <strong>+1d</strong>를 받습니다.",
      "terrname12": "푸른코트 위협",
      "terrdesc12": "건수당 <strong>열기</strong>가 -2 감소합니다.",
      "terrname13": "동네 장물아비",
      "terrdesc13": "서민 목표가 관련된 건수는 수입 <strong>금전</strong>이 +2 증가합니다.",
      "terrname14": "창고",
      "terrdesc14": "자산 조달 판정에 <strong>+1d</strong>를 받습니다.",
      "terrname15": "푸른코트 조력자",
      "terrdesc15": "습격 계획의 접근 판정에 <strong>+1d</strong>를 받습니다."
    },
    "Cult": {
      "name": "교단",
      "description": "잊힌 신을 섬기는 자들",
      "experience_clues": "<p>- 번제, 봉헌, 유물 취득, 신탁 작전에 성공했을 때. - 자기 주제를 넘는 난관을 상대했을 때. - 조직의 평판을 강화하거나 새로운 평판을 얻었을 때. - 조직의 목표, 동기, 내적 갈등, 본질을 표현했을 때.</p>",
      "terrname1": "수도원",
      "terrdesc1": "<strong>식자</strong> 부하들의 <strong>규모가 +1</strong> 증가합니다.",
      "terrname2": "악습의 굴",
      "terrdesc2": "막간에 아무 때나 조직의 <strong>등급</strong>만큼 주사위를 굴리고, 가장 높은 눈에서 <strong>열기</strong>를 뺀 만큼의 <strong>금전</strong>을 얻습니다.",
      "terrname3": "헌금",
      "terrdesc3": "오컬트에 관련된 건수는 수입 <strong>금전</strong>이 +2 증가합니다.",
      "terrname4": "고대의 오벨리스크",
      "terrdesc4": "모든 <strong>마도적 힘</strong>과 <strong>의식</strong>의 스트레스 비용이 -1 감소합니다.",
      "terrname5": "고대의 탑",
      "terrdesc5": "이곳에서 마도의 존재들과 <strong>친교</strong>를 할 때 <strong>+1d</strong>를 받습니다.",
      "terrname6": "BITD.Turf",
      "terrdesc6": "영토",
      "terrname7": "BITD.Turf",
      "terrdesc7": "영토",
      "terrname8": "BITD.Lair",
      "terrdesc8": "소굴",
      "terrname9": "BITD.Turf",
      "terrdesc9": "영토",
      "terrname10": "BITD.Turf",
      "terrdesc10": "영토",
      "terrname11": "영 우물",
      "terrdesc11": "이곳에서 하는 <strong>조율</strong>에 <strong>+1d</strong>를 받습니다.",
      "terrname12": "고대의 문",
      "terrdesc12": "죽음의 땅에서 안전하게 다닐 수 있습니다.",
      "terrname13": "안식처",
      "terrdesc13": "이곳에서 하는 <strong>명령</strong>과 <strong>현혹</strong>에 <strong>+1d</strong>를 받습니다.",
      "terrname14": "신성의 교차점",
      "terrdesc14": "치료 판정에 <strong>+1d</strong>를 받습니다.",
      "terrname15": "고대의 제단",
      "terrdesc15": "오컬트 계획의 접근 판정에 <strong>+1d</strong>를 받습니다."
    },
    "Hawkers": {
      "name": "암상회",
      "description": "악습의 상인들",
      "experience_clues": "- 공급처 확보, 매출, 세력 과시, 영업 작전에 성공했을 때.\n- 자기 주제를 넘는 난관을 상대했을 때.\n- 조직의 평판을 강화하거나 새로운 평판을 얻었을 때.\n- 조직의 목표, 동기, 내적 갈등, 본질을 표현했을 때.",
      "terrname1": "BITD.Turf",
      "terrdesc1": "영토",
      "terrname2": "전속 재단사",
      "terrdesc2": "사교 계획의 접근 판정에 <strong>+1d</strong>를 받습니다.",
      "terrname3": "뇌물",
      "terrdesc3": "세력 과시나 영업에 관련된 건수는 수입 <strong>금전</strong>이 +2 증가합니다.",
      "terrname4": "망꾼",
      "terrdesc4": "자기 영토에서 <strong>사냥</strong>이나 <strong>파악</strong>을 할 때 <strong>+1d</strong>를 받습니다.",
      "terrname5": "정보통",
      "terrdesc5": "건수를 찾기 위해 정보 수집을 할 때 <strong>+1d</strong>를 받습니다.",
      "terrname6": "BITD.Turf",
      "terrdesc6": "영토",
      "terrname7": "BITD.Turf",
      "terrdesc7": "영토",
      "terrname8": "BITD.Lair",
      "terrdesc8": "소굴",
      "terrname9": "BITD.Turf",
      "terrdesc9": "영토",
      "terrname10": "고급 점포",
      "terrdesc10": "이곳에서 <strong>친교</strong>나 <strong>현혹</strong>을 할 때 <strong>+1d</strong>를 받습니다.",
      "terrname11": "외국 시장",
      "terrdesc11": "막간에 아무 때나 조직의 <strong>등급</strong>만큼 주사위를 굴리고, 가장 높은 눈에서 <strong>열기</strong>를 뺀 만큼의 <strong>금전</strong>을 얻습니다.",
      "terrname12": "악습의 굴",
      "terrdesc12": "막간에 아무 때나 조직의 <strong>등급</strong>만큼 주사위를 굴리고, 가장 높은 눈에서 <strong>열기</strong>를 뺀 만큼의 <strong>금전</strong>을 얻습니다.",
      "terrname13": "잉여 재고",
      "terrdesc13": "매출이나 공급처 확보에 관련된 건수는 수입 <strong>금전</strong>이 +2 증가합니다.",
      "terrname14": "위장 업체",
      "terrdesc14": "건수마다 <strong>열기</strong>를 -2 덜 받습니다.",
      "terrname15": "위장 신분",
      "terrdesc15": "속임수 및 사교 계획의 접근 판정에 <strong>+1d</strong>를 받습니다."
    },
    "Shadows": {
      "name": "그림자들",
      "description": "도둑과 첩자들",
      "experience_clues": "- 강도, 절도, 첩보, 파괴공작 작전에 성공했을 때.\n- 자기 주제를 넘는 난관을 상대했을 때.\n- 조직의 평판을 강화하거나 새로운 평판을 얻었을 때.\n- 조직의 목표, 동기, 내적 갈등, 본질을 표현했을 때.",
      "terrname1": "심문실",
      "terrdesc1": "이곳에서 <strong>명령</strong>이나 <strong>현혹</strong>을 할 때 <strong>+1d</strong>를 받습니다.",
      "terrname2": "BITD.Turf",
      "terrdesc2": "영토",
      "terrname3": "믿을만한 장물아비",
      "terrdesc3": "절도나 강도에 관련된 건수는 수입 <strong>금전</strong>이 +2 증가합니다.",
      "terrname4": "도박장",
      "terrdesc4": "막간에 아무 때나 조직의 <strong>등급</strong>만큼 주사위를 굴리고, 가장 높은 눈에서 <strong>열기</strong>를 뺀 만큼의 <strong>금전</strong>을 얻습니다.",
      "terrname5": "주점",
      "terrdesc5": "이곳에서 <strong>친교</strong>와 <strong>현혹</strong> 판정을 할 때 <strong>+1d</strong>를 받습니다.",
      "terrname6": "마약굴",
      "terrdesc6": "막간에 아무 때나 조직의 <strong>등급</strong>만큼 주사위를 굴리고, 가장 높은 눈에서 <strong>열기</strong>를 뺀 만큼의 <strong>금전</strong>을 얻습니다.",
      "terrname7": "정보통",
      "terrdesc7": "건수를 찾기 위해 정보 수집을 할 때 <strong>+1d</strong>를 받습니다.",
      "terrname8": "BITD.Lair",
      "terrdesc8": "소굴",
      "terrname9": "BITD.Turf",
      "terrdesc9": "영토",
      "terrname10": "망꾼",
      "terrdesc10": "자기 영토에서 <strong>사냥</strong>이나 <strong>파악</strong>을 할 때 <strong>+1d</strong>를 받습니다.",
     "terrname11": "먹장어 양식장",
      "terrdesc11": "사람이 살해된 건수 후에 열기 감소 막간 활동을 하면 판정에 <strong>+1d</strong>를 받습니다.",
      "terrname12": "의무실",
      "terrdesc12": "치료 판정에 <strong>+1d</strong>를 받습니다.",
      "terrname13": "비밀 교환 지점",
      "terrdesc13": "첩보나 파괴공작에 관련된 건수는 수입 <strong>금전</strong>이 +2 증가합니다.",
      "terrname14": "BITD.Turf",
      "terrdesc14": "영토",
      "terrname15": "비밀 통로",
      "terrdesc15": "은밀 계획의 접근 판정에 <strong>+1d</strong>를 받습니다."
    },
    "Smugglers": {
      "name": "밀수단",
      "description": "<p>금수품의 운반자들</p>",
      "experience_clues": "- 밀수 작전에 성공하거나 신규 고객 및 금수품 공급처를 확보했을 때.\n- 자기 주제를 넘는 난관을 상대했을 때.\n- 조직의 평판을 강화하거나 새로운 평판을 얻었을 때.\n- 조직의 목표, 동기, 내적 갈등, 본질을 표현했을 때.",
      "terrname1": "BITD.Turf",
      "terrdesc1": "영토",
      "terrname2": "곁가지 사업",
      "terrdesc2": "막간에 아무 때나 조직의 <strong>등급</strong>만큼 주사위를 굴리고, 가장 높은 눈에서 <strong>열기</strong>를 뺀 만큼의 <strong>금전</strong>을 얻습니다.",
      "terrname3": "사치품 장물아비",
      "terrdesc3": "상류층/고급품 목표에 관련된 건수는 수입 <strong>금전</strong>이 +2 증가합니다.",
      "terrname4": "악습의 굴",
      "terrdesc4": "막간에 아무 때나 조직의 <strong>등급</strong>만큼 주사위를 굴리고, 가장 높은 눈에서 <strong>열기</strong>를 뺀 만큼의 <strong>금전</strong>을 얻습니다.",
       "terrname5": "주점",
      "terrdesc5": "이곳에서 <strong>친교</strong>와 <strong>현혹</strong> 판정을 할 때 <strong>+1d</strong>를 받습니다.",
        "terrname6": "고대의 문",
      "terrdesc6": "죽음의 땅에서 안전하게 다닐 수 있습니다.",
      "terrname7": "BITD.Turf",
      "terrdesc7": "영토",
      "terrname8": "BITD.Lair",
      "terrdesc8": "소굴",
      "terrname9": "BITD.Turf",
      "terrdesc9": "영토",
      "terrname10": "BITD.Turf",
      "terrdesc10": "영토",
      "terrname11": "비밀 운송로",
      "terrdesc11": "운송 계획의 접근 판정에 <strong>+1d</strong>를 받습니다.",
      "terrname12": "정보통",
      "terrdesc12": "건수를 찾기 위해 정보 수집을 할 때 <strong>+1d</strong>를 받습니다.",
      "terrname13": "수송대",
      "terrdesc13": "부하들도 탈것을 가지고 있습니다.",
      "terrname14": "위장 업체",
      "terrdesc14": "건수마다 <strong>열기</strong>를 -2 덜 받습니다.",
      "terrname15": "창고",
      "terrdesc15": "자산 조달 판정에 <strong>+1d</strong>를 받습니다."
    }
  }
}