{
  "label": "조직 특수 능력",
  "mapping": {
    "description": "system.description",
    "class": "system.class"
  },
  "entries": {
    "(A) Crow's Veil": {
      "name": "(A) 까마귀의 베일",
      "description": "어렵게 얻은 경험 또는 오컬트 의식 덕분에, 조직의 행동은 죽음감시 까마귀들의 주의를 끌지 않습니다. 건수에서 사람이 살해되었을 때 추가 열기를 받지 않습니다.",
      "class": "자객단"
    },
    "(A) Deadly": {
      "name": "(A) 치명적",
      "description": "각 PC가 사냥, 잠행, 또는 접전의 행동 수치를 +1 높입니다 (최대치 3).",
      "class": "자객단"
    },
    "(A) Emberdeath": {
      "name": "(A) 잿불죽음",
      "description": "3 스트레스를 받으면 유령장에서 엘렉트로플라즘 에너지를 끌어와 영혼과 육신을 반짝이는 잿불로 분해할 수 있습니다.",
      "class": "자객단"
    },
    "(A) No Traces": {
      "name": "(A) 흔적 없음",
      "description": "작전을 조용히 수행하거나 사고처럼 보이게 만들면 목표의 명성 값의 절반을 받습니다 (원래는 0). 열기 0으로 막간이 끝나면 명성이 +1 증가합니다.",
      "class": "자객단"
    },
    "(A) Patron": {
      "name": "(A) 후견인",
      "description": "등급을 높일 때의 금전 비용이 통상의 반이 됩니다.",
      "class": "자객단"
    },
    "(A) Predators": {
      "name": "(A) 표범들",
      "description": "살인을 목적으로 은밀 및 속임수 계획을 사용할 때 접근 판정에 +1d를 받습니다.",
      "class": "자객단"
    },
    "(A) Veteran": {
      "name": "(A) 베테랑",
      "description": "다른 조직 유형의 특수 능력 하나를 선택합니다 (여러 번 선택 가능).",
      "class": "자객단"
    },
    "(A) Vipers": {
      "name": "(A) 독사들",
      "description": "독을 구하거나 만들 때, 판정의 결과가 한 단계 높아집니다. 독을 사용할 때는 그 효과에 면역이 되도록 특별한 준비를 합니다.",
      "class": "자객단"
    },
    "(Br) Blood Brothers": {
      "name": "(Br) 의형제",
      "description": "PC가 부하들과 전투에서 함께 싸우면 부하들은 팀워크 판정에 +1d를 받습니다 (밑작업 및 집단 행동). 모든 부하들이 별도의 비용 없이 깡패 유형을 받습니다 (이미 깡패이면 다른 유형을 추가하세요).",
      "class": "건달패"
    },
    "(Br) Dangerous": {
      "name": "(Br) 위험인물들",
      "description": "각 PC가 사냥, 접전, 또는 파괴의 행동 수치를 +1 높입니다 (최대치 3).",
      "class": "건달패"
    },
    "(Br) Door Kickers": {
      "name": "(Br) 돌진",
      "description": "습격 계획을 실행할 때 접근 판정에 +1d를 받습니다.",
      "class": "건달패"
    },
    "(Br) Fiends": {
      "name": "(Br) 악귀들",
      "description": "존중만큼 좋은 것이 공포입니다. 수배 단계만큼의 영토가 있는 것처럼 다룹니다.",
      "class": "건달패"
    },
    "(Br) Forged In The Fire": {
      "name": "(Br) 역경으로 단련",
      "description": "PC들은 모두 잔혹한 경험을 통해 단련되었습니다. 저항 판정에 +1d를 받습니다.",
      "class": "건달패"
    },
    "(Br) Patron": {
      "name": "(Br) 후견인",
      "description": "등급을 높일 때의 금전 비용이 통상의 반이 됩니다.",
      "class": "건달패"
    },
    "(Br) Veteran": {
      "name": "(Br) 베테랑",
      "description": "다른 조직 유형의 특수 능력 하나를 선택합니다 (여러 번 선택 가능).",
      "class": "건달패"
    },
    "(Br) War Dogs": {
      "name": "(Br) 전쟁의 개들",
      "description": "전쟁 상태 (파벌 호감 -3)일 때에도 등급이 떨어지지 않습니다. 또한 막간 활동도 1회가 아니라 통상적으로 2회 할 수 있습니다.",
      "class": "건달패"
    },
    "(C) Anointed": {
      "name": "(C) 축성",
      "description": "초자연적인 위협에 대해 저항 판정을 할 때 +1d를 받습니다. 초자연적 피해를 입은 상태에서 치료 판정에 +1d를 받습니다.",
      "class": "교단"
    },
    "(C) Bound in Darkness": {
      "name": "(C) 어둠의 유대",
      "description": "아무리 떨어져 있어도 교단의 구성원들과 팀워크 전술을 쓸 수 있습니다. 1 스트레스를 받으면 모든 교도에게 들리도록 속삭일 수 있습니다.",
      "class": "교단"
    },
    "(C) Chosen": {
      "name": "(C) 선택받은 자들",
      "description": "각 PC가 조율, 연구, 또는 현혹의 행동 수치를 +1 높입니다 (최대치 3).",
      "class": "교단"
    },
    "(C) Conviction": {
      "name": "(C) 신념",
      "description": "각 PC가 추가 악습으로 예배를 갖게 됩니다. 이 악습에 탐닉하며 신이 반기는 제물을 바치면 쌓인 스트레스를 넘어서 해소해도 과잉 탐닉이 되지 않습니다. 또한, 이 악습에 다시 탐닉할 때까지 한 번 행동에 신의 도움을 받습니다.",
      "class": "교단"
    },
    "(C) Glory Incarnate": {
      "name": "(C) 영광스런 현신",
      "description": "신이 때때로 물질 세계에 현신합니다. 이것은 큰 경사일 수도 있지만, 신은 가치관과 우선 순위가 인간과 다릅니다. 조심하세요.",
      "class": "교단"
    },
    "(C) Sealed in Blood": {
      "name": "(C) 피의 제사",
      "description": "제물로 바치는 사람 하나마다 의식에 소비되는 스트레스가 -3씩 감소합니다.",
      "class": "교단"
    },
    "(C) Veteran": {
      "name": "(C) 베테랑",
      "description": "다른 조직 유형의 특수 능력 하나를 선택합니다 (여러 번 선택 가능).",
      "class": "교단"
    },
    "(C) Zealotry": {
      "name": "(C) 광신",
      "description": "부하들이 이성을 저버리고 교단에 헌신합니다. 아무리 위험하거나 괴상한 일이라 해도 시키는 대로 합니다. 교단의 적들을 상대로 행동할 때는 판정에 +1d를 받습니다.",
      "class": "교단"
    },
    "(H) Accord": {
      "name": "(H) 협정",
      "description": "때로는 친구가 영토만큼이나 유용합니다. 호감 +3인 파벌 (최대 3개)을 마치 영토인 것처럼 칠 수 있습니다.",
      "class": "암상회"
    },
    "(H) Ghost Market": {
      "name": "(H) 유령 시장",
      "description": "마도 의식이나 어렵게 얻은 경험 덕분에, 유령이나 악마들에게 팔 수 있도록 상품을 처리하는 방법을 발견했습니다.",
      "class": "암상회"
    },
    "(H) High Society": {
      "name": "(H) 상류 사회",
      "description": "인맥이 제일입니다. 막간에 열기가 -1 감소하고, 도시의 상류층에 관한 정보 수집을 할 때 +1d를 받습니다.",
      "class": "암상회"
    },
    "(H) Hooked": {
      "name": "(H) 중독",
      "description": "조직원들이 조직의 상품을 사용합니다. 휘하의 모든 패거리에 야만적, 못미더움, 제멋대로 중에서 단점 하나를 주고, 패거리들의 품질을 +1 높입니다 (최대 4).",
      "class": "암상회"
    },
    "(H) Patron": {
      "name": "(H) 후견인",
      "description": "등급을 높일 때의 금전 비용이 통상의 반이 됩니다.",
      "class": "암상회"
    },
    "(H) Silver Tongues": {
      "name": "(H) 달변",
      "description": "각 PC가 명령, 친교, 또는 현혹의 행동 수치를 +1 높입니다 (최대치 3).",
      "class": "암상회"
    },
    "(H) The Good Stuff": {
      "name": "(H) 상급품",
      "description": "최고급의 상품을 다룹니다. 품질은 조직의 등급+2에 해당합니다. 상품의 품질은 고객이나 고객 후보가 얼마나 감동하는지 등을 알고 싶을 때 행운 판정에 사용할 수도 있습니다.",
      "class": "암상회"
    },
    "(H) Veteran": {
      "name": "(H) 베테랑",
      "description": "다른 조직 유형의 특수 능력 하나를 선택합니다 (여러 번 선택 가능).",
      "class": "암상회"
    },
    "(Sh) Everyone Steals": {
      "name": "(Sh) 모두가 훔치며 산다",
      "description": "각 PC가 잠행, 기교, 또는 땜질 행동 수치를 +1 높입니다 (최대치 3).",
      "class": "그림자들"
    },
    "(Sh) Ghost Echoes": {
      "name": "(Sh) 유령 메아리",
      "description": "기이한 경험이나 오컬트 의식을 통해, 조직원들은 모두 유령장에 메아리로서 남아 있는 도스크볼의 유령 같은 건물, 거리, 물체들을 보고 만질 수 있습니다.",
      "class": "그림자들"
    },
    "(Sh) Pack Rats": {
      "name": "(Sh) 잡동사니",
      "description": "소굴에 훔친 물건들이 잔뜩 널려 있습니다. 자산 조달 판정에 +1d를 받습니다.",
      "class": "그림자들"
    },
    "(Sh) Patron": {
      "name": "(Sh) 후견인",
      "description": "등급을 높일 때의 금전 비용이 통상의 반이 됩니다.",
      "class": "그림자들"
    },
    "(Sh) Second Story": {
      "name": "(Sh) 이층 잠입",
      "description": "비밀리에 침입하는 작전의 접근 판정에 +1d를 받습니다.",
      "class": "그림자들"
    },
    "(Sh) Slippery": {
      "name": "(Sh) 미꾸라지",
      "description": "얽힘 판정을 할 때 주사위를 두 번 굴리고 원하는 것을 고릅니다. 열기 감소 판정을 할 때는 +1d를 받습니다.",
      "class": "그림자들"
    },
    "(Sh) Synchronized": {
      "name": "(Sh) 호흡 맞추기",
      "description": "집단 행동을 할 때, 서로 다른 판정들에서 6을 모아 대성공으로 칠 수 있습니다.",
      "class": "그림자들"
    },
    "(Sh) Veteran": {
      "name": "(Sh) 베테랑",
      "description": "다른 조직 유형의 특수 능력 하나를 선택합니다 (여러 번 선택 가능).",
      "class": "그림자들"
    },
    "(Sm) All Hands": {
      "name": "(Sm) 총동원",
      "description": "막간에 부하 하나가 자산 조달, 열기 감소, 또는 장기 프로젝트 작업을 한 번 할 수 있습니다.",
      "class": "밀수단"
    },
    "(Sm) Ghost Passage": {
      "name": "(Sm) 유령 승객",
      "description": "조직 멤버들은 모두가 영의 빙의에 면역이 됩니다. 또한 각자가 유령 하나를 자기 몸에 “승객”으로 태울 수 있습니다.",
      "class": "밀수단"
    },
    "(Sm) Just Passing Through": {
      "name": "(Sm) 그냥 지나가는 길입니다",
      "description": "막간에 열기가 -1 감소합니다. 열기 4 이하이면 평범한 시민 시늉을 하여 남들을 속일 때 +1d를 받습니다.",
      "class": "밀수단"
    },
    "(Sm) Leverage": {
      "name": "(Sm) 공생",
      "description": "이 조직은 다른 파벌들에 불법 상품을 공급합니다. 여러분의 성공이 그 파벌들의 성공이기도 합니다. 명성을 얻을 때마다 명성을 +1 더 얻습니다.",
      "class": "밀수단"
    },
    "(Sm) Like Part of the Family": {
      "name": "(Sm) 가족이나 마찬가지",
      "description": "탈것 하나를 등급+1 품질의 부하로 만듭니다 (탈것 장점과 단점 사용). 팀워크 전술을 쓸 수 있고 (품질로 판정), 집단 행동에 참가할 수 있습니다 (이끌지는 못함).",
      "class": "밀수단"
    },
    "(Sm) Reavers": {
      "name": "(Sm) 기동전",
      "description": "탈것을 타고 싸울 경우, 탈것의 피해와 속도에 관한 판정에 +1 효과를 받습니다. 탈것에 갑옷이 생깁니다.",
      "class": "밀수단"
    },
    "(Sm) Renegades": {
      "name": "(Sm) 무법자들",
      "description": "각 PC가 잠행, 기교, 또는 접전 행동 수치를 +1 높입니다 (최대치 3).",
      "class": "밀수단"
    },
    "(Sm) Veteran": {
      "name": "(Sm) 베테랑",
      "description": "다른 조직 유형의 특수 능력 하나를 선택합니다 (여러 번 선택 가능).",
      "class": "밀수단"
    }
  }
}