{
  "label": "저널 - 얽힘",
  "entries": {
    "Arrest": {
      "name": "체포",
      "pages": {
        "Arrest": {
          "name": "체포",
          "text": "<p>어느 형사가 판관에게 증거를 제출하여 조직의 기소 절차를 시작합니다. 푸른코트들이 여러분을 잡으려고 체포조를 보냅니다 (규모는 적어도 <strong>수배 단계</strong>와 같습니다). <strong>수배 단계</strong> +3에 해당하는 <strong>금전</strong>을 뇌물로 주거나, 체포할 사람을 넘겨 주거나 (이로써 <strong>열기</strong>가 0이 됩니다), 도망을 시도할 수 있습니다.</p>\n<p><em>경찰봉이 창문 셔터를 요란하게 두들깁니다. “자, 다들 나와! 소란 피우지 말고 조용히 가자!” 클렐란 경사인 것 같습니다. 내다보니까 푸른코트 20명 정도가 전투 태세를 갖추고 있습니다. 클렐란이 창문에서만 들릴 목소리로 낮게 중얼거립니다: “아니면 주소가 틀렸나?” 클렐란은 헛기침을 하고, 돈을 기다립니다.</em></p>"
        }
      }
    },
    "Cooperation": {
      "name": "부탁",
      "pages": {
        "Cooperation": {
          "name": "부탁",
          "text": "<p><strong>호감 +3</strong>인 파벌이 부탁을 해 옵니다. 받아주지 않으면 그 파벌의 등급 1당 1 명성을 잃거나 <strong>호감</strong>을 -1 잃습니다. <strong>+3 호감</strong>인 파벌이 없으면 당장은 얽힘을 면합니다.</p>"
        }
      }
    },
    "Demonic Notice": {
      "name": "악마가 주목",
      "pages": {
        "Demonic Notice": {
          "name": "악마가 주목",
          "text": "<p>악마 하나가 일행에게 다가와 무서운 제안을 합니다. 이 제안을 받아들이거나, 악마가 관심을 잃을 때까지 숨거나 (3 명성 상실), 다른 방법으로 처리해야 합니다.</p>"
        }
      }
    },
    "Flipped": {
      "name": "변절",
      "pages": {
        "Flipped": {
          "name": "변절",
          "text": "<p>PC들의 경쟁자가 조직의 <strong>열기</strong>를 이유로 들어 연줄, 후견인, 의뢰인, 또는 고객 집단이 PC들을 떠나 다른 파벌과 손을 잡게 만듭니다.</p>\n<p><em>라로즈가 이제 낫칼파를 돕고 있다는 소문이 들립니다. 며칠 전에 플린트와 이야기하는 모습이 보였다고 하니, 그놈이 배후에 있는 게 분명합니다. 이 상황을 바로잡을 때까지 라로즈는 연줄 역할을 하지 않습니다.</em></p>"
        }
      }
    },
    "Gang Trouble": {
      "name": "패거리 문제",
      "pages": {
        "Gang Trouble": {
          "name": "패거리 문제",
          "text": "<p>패거리 (또는 다른 부하)가 단점 때문에 문제를 일으킵니다. 체면을 구길 수도 있고 (등급+1만큼의 <strong>명성</strong>을 상실), 패거리 중 한 명을 본보기로 만들 수도 있고, 손해를 본 쪽의 보복을 당할 수도 있습니다.</p>\n<p><em>PC들이 습격에 성공해서 붉은띠단을 쓸어버린 후, 야만적인 패거리가 과격한 짓을 벌입니다. 크로우스풋에서 이루비아인을 보이는 대로 공격하기 시작한 것입니다. 그 바람에 시민 하나가 중상을 입었습니다. 소문이 거리에 파다하게 퍼졌습니다. 사혈자들은 조직을 이런 식으로 관리한다는 말인지? 아르시는 패거리 한 명을 본보기로 삼기로 합니다. 일이 일어난 주점으로 데리고 가서, 일을 저지른 깡패의 머리를 바에 내리찍습니다. 얼굴에는 흉한 상처가 남습니다.</em></p>\n<p><em>마스터는 지난 어느 세션에서 아르시가 패거리를 험하게 대우했을 때 만들어 놓은 진전 시계를 보고, 아르시의 지금 행동이 이 시계를 한 칸 채울 만하다고 생각합니다. 이 시계의 이름은 “패거리가 반항한다”입니다. 이미 세 칸이 채워져 있었기 때문에 이로써 꽉 찼습니다. 야만적인 부하들이 아르시의 태도를 더 이상 참아주지 않을 것 같습니다.</em></p>"
        }
      }
    },
    "Interrogation": {
      "name": "심문",
      "pages": {
        "Interrogation": {
          "name": "심문",
          "text": "<p>푸른코트들이 PC 하나를 잡아서 조직의 범죄에 관해 심문을 합니다. 어쩌다가 붙잡혔는지? <strong>3 금전</strong>을 뇌물로 주거나, 두들겨 맞고 (<strong>2단계 피해</strong>) 실토하세요 (<strong>+3 열기</strong>). 피해와 열기는 각각 별도의 대가이고, 따로 저항합니다.</p>\n<p><em>어떤 플레이어들은 자기 캐릭터가 붙잡히면 정말로 싫어합니다! 범죄계의 무뢰한에게는 일상다반사라고 설명해 주세요. 감옥에 드나드는 것도, 경찰이 잡아다 심문하거나 괴롭히는 것도 정상적인 일입니다. 이제 심문실에 와 있습니다. 이 캐릭터는 어떤 사람인지? 사실대로 부는지? 맞서는지? 거래를 하는지?</em></p>"
        }
      }
    },
    "Questioning": {
      "name": "취조",
      "pages": {
        "Questioning": {
          "name": "취조",
          "text": "<p>푸른코트들이 NPC 조직원이나 조직의 연줄을 잡아다 조직의 범죄에 관해 취조를 합니다. 푸른코트들이 보기에 가장 쉽게 무너질 사람은 누구인지? 행운 판정을 해서 입을 얼마나 여는지 보거나 (<strong>1~3: +2 열기, 4/5: +1 열기</strong>), 푸른코트들에게 <strong>2 금전</strong>을 뇌물로 줍니다.</p>\n<p><em>보통 사람이 얼마나 입을 잘 다물고 있는지 보려면 2d로 판정합니다. 범죄계 인물이거나 해서 끈질기게 버틸 만하면 3d나 4d로 판정합니다. 마음이 약하거나 어느 정도 법의 편에 있는 사람이라면 1d나 0d로 판정합니다.</em></p>"
        }
      }
    },
    "Reprisals": {
      "name": "보복",
      "pages": {
        "Reprisals": {
          "name": "보복",
          "text": "<p>적 파벌이 조직 (또는 친구, 연줄, 악습의 상인)에 보복을 가합니다. 사과의 표시로 보상을 주거나 (적 등급 1당 <strong>1 명성</strong>과 <strong>1 금전</strong>), 그냥 당하거나, 반격할 수 있습니다.</p>"
        }
      }
    },
    "Rivals": {
      "name": "경쟁자",
      "pages": {
        "Rivals": {
          "name": "경쟁자",
          "text": "<p>중립 파벌이 PC 조직, 친구, 연줄, 악습의 상인을 위협합니다. 그 파벌의 등급 1당 <strong>1 명성</strong>과 <strong>1 금전</strong>을 잃거나, 맞서 싸워서 <strong>호감</strong>을 -1 잃습니다.</p>"
        }
      }
    },
    "Show of Force": {
      "name": "세력 과시",
      "pages": {
        "Show of Force": {
          "name": "세력 과시",
          "text": "<p>호감 0 미만인 파벌이 조직의 이권을 빼앗으려 듭니다. 전쟁에 들어가거나 (<strong>호감</strong>이 -3으로 감소) <strong>이권</strong> 하나를 줘야 합니다. 이권이 없으면 <strong>통제력</strong>을 하나 잃습니다.</p>"
        }
      }
    },
    "The Usual Suspects": {
      "name": "탐문",
      "pages": {
        "The Usual Suspects": {
          "name": "탐문",
          "text": "<p>푸른코트들이 조직의 변두리 인물을 하나 잡아갑니다. 가장 잡혀갈 만한 친구나 악습의 상인 한 명을 플레이어가 선택합니다. 그 사람이 조사에 얼마나 잘 저항하는지 행운 판정을 해서 볼 수도 있고 (<strong>1~3: +2 열기, 4/5: 2단계 피해</strong>), 푸른코트들에게 <strong>1 금전</strong>을 뇌물로 줄 수도 있습니다.</p>"
        }
      }
    },
    "Unquiet Dead": {
      "name": "쉼 없는 망자",
      "pages": {
        "Unquiet Dead": {
          "name": "쉼 없는 망자",
          "text": "<p>유령 하나가 여러분에게 다가옵니다. 옛날의 피해자일 수도? 유령사나 철도원의 도움을 받아 유령을 제거하거나 쫓아낼 수도 있고, 직접 처리할 수도 있습니다.</p>\n<p><em>NPC를 고용하려면 막간 활동인 자산 조달을 합니다. 유령을 얼마나 잘 처리하는지는 NPC의 품질 단계로 행운 판정을 해서 봅니다.</em></p>"
        }
      }
    }
  }
}