{
  "TYPES.Actor.character": "캐릭터",
  "TYPES.Actor.npc": "NPC",
  "TYPES.Actor.crew": "조직",
  "TYPES.Actor.\uD83D\uDD5B clock": "\uD83D\uDD5B 시계",
  "TYPES.Actor.factions": "파벌 상황",
  "TYPES.Item.item": "Item",
  "TYPES.Item.class": "플레이북",
  "TYPES.Item.ability": "특수 능력",
  "TYPES.Item.heritage": "혈통",
  "TYPES.Item.background": "출신",
  "TYPES.Item.vice": "악습",
  "TYPES.Item.crew_type": "조직 유형",
  "TYPES.Item.crew_reputation": "조직 평판",
  "TYPES.Item.crew_upgrade": "조직 업그레이드",
  "TYPES.Item.crew_ability": "조직 특수 능력",
  "TYPES.Item.hunting_grounds": "사냥터",
  "TYPES.Item.prison": "감옥",
  "TYPES.Item.faction": "파벌",
  "TYPES.Item.cohort": "부하",
  "BITD.HelloThere": "General Kenobi",
  "BITD.Heritage": "혈통",
  "BITD.Background": "출신",
  "BITD.TitleDeleteItem": "액터에서 아이템 제거",
  "BITD.TitlePostItem": "대화에 아이템 게시",
  "BITD.Vice": "악습",
  "BITD.Class": "플레이북",
  "BITD.Stress": "스트레스",
  "BITD.Alias": "가명",
  "BITD.Designation": "Designation",
  "BITD.Look": "Colors/Look",
  "BITD.System": "System",
  "BITD.Systems": "Systems",
  "BITD.Planet": "Planet",
  "BITD.Planets": "Planets",
  "BITD.Faction": "파벌",
  "BITD.Factions": "활성 파벌",
  "BITD.Notables": "주요 장소",
  "BITD.NotableNPCs": "주요 인물",
  "BITD.Scene": "Scene",
  "BITD.Rule": "Rule",
  "BITD.Stats": "Stats",
  "BITD.Goal": "목표",
  "BITD.Assets": "자산",
  "BITD.Quirks": "특기사항",
  "BITD.Situation": "상황",
  "BITD.Update": "업데이트",
  "BITD.Warning": "주의: 이 작업은 모든 열기/수배 단계를 초기화합니다.",
  "BITD.Status": "Status",
  "BITD.Jobs": "Jobs",
  "BITD.Allies": "동맹",
  "BITD.Friends": "우호",
  "BITD.Associates": "친근",
  "BITD.Neutral": "중립",
  "BITD.Adversaries": "방해",
  "BITD.Enemies": "적대",
  "BITD.AtWar": "전쟁",
  "BITD.Defeated": "패배함",
  "BITD.Trauma": "트라우마",
  "BITD.TraumaCold": "냉혹",
  "BITD.TraumaHaunted": "환각",
  "BITD.TraumaObsessed": "집착",
  "BITD.TraumaParanoid": "피해망상",
  "BITD.TraumaReckless": "무모",
  "BITD.TraumaSoft": "연약",
  "BITD.TraumaUnstable": "불안",
  "BITD.TraumaVicious": "악랄",

  "BITD.TraumaClanking": "Clanking",
  "BITD.TraumaLeaking": "Leaking",
  "BITD.TraumaFixated": "Fixated",
  "BITD.TraumaSmoking": "Smoking",
  "BITD.TraumaSparking": "Sparking",

  "BITD.TraumaChaotic": "Chaotic",
  "BITD.TraumaDestructive": "Destructive",
  "BITD.TraumaFurious": "Furious",
  "BITD.TraumaObsessive": "Obsessive",
  "BITD.TraumaTerritorial": "Territorial",
  "BITD.TraumaSavage": "Savage",
  
  "BITD.TraumaRuthless": "Ruthless",
  "BITD.TraumaSecretive": "Secretive",
  
  "BITD.Harm": "피해",
  "BITD.Healing": "치유",
  "BITD.Armor": "갑옷",
  "BITD.NeedHelp": "도움 필요",
  "BITD.Light": "가벼움",
  "BITD.Normal": "중간",
  "BITD.Heavy": "무거움",
  "BITD.Special": "특수",
  "BITD.LessEffect": "효과 감소",
  "BITD.Description": "설명",
  "BITD.Loadout": "소지품",
  "BITD.Load": "Load",
  "BITD.CrewType": "조직 유형",
  "BITD.CrewTypeBox": "클릭하여 조직 유형 선택",
  "BITD.FactionType": "파벌 유형",
  "BITD.Price": "Price",
  "BITD.Logic": "Logic",
  "BITD.ExpClues": "XP 발생 조건",
  "BITD.AbilityPrice": "능력 비용",
  "BITD.AbilityClass": "능력 분류",
  "BITD.Information": "정보",
  "BITD.CohortType": "부하 유형",
  "BITD.GangType": "패거리 유형",
  "BITD.ExpertType": "전문가 유형",
  "BITD.ScaleAndQuality": "규모와 품질",
  "BITD.ChooseOneOrTwoEdges": "장점과 단점",
  "BITD.Edges": "장점",
  "BITD.Flaws": "단점",
  "BITD.Scale": "규모",
  "BITD.Quality": "품질",
  "BITD.AddAdditionalTypeOfGangText": "조직 업그레이드 2개를 쓰면 패거리나 전문가에게 추가 유형을 부여할 수 있습니다.<br>부하가 자기 유형에 맞는 행동을 할 때는 품질 수치를 그대로 사용합니다. 그렇지 않은 행동은 품질이 0입니다. 한 부하는 유형을 2개까지 가질 수 있습니다. 어떤 조직 업그레이드는 패거리에 \"정예\" 특성을 부여하여, 해당 유형의 행동을 할 때 +1d를 줍니다.",
  "BITD.ClassExpClue1": "필사적인 행동 판정을 할 때마다 사용한 행동에 해당하는 특성 수치에 1xp를 표시합니다.",
  "BITD.ClassExpClue2": "신념, 동기, 혈통, 출신을 표현한 경우.",
  "BITD.ClassExpClue3": "자기의 악습이나 트라우마에서 비롯된 문제로 고생한 경우.",
  "BITD.ClassExpClueDescription": "세션이 끝났을 때, 다음 항목 중 해당되는 것마다 1xp를 표시합니다(플레이북 xp란 또는 특성 수치 xp란). 한 세션에 여러 번 일어났다면 2xp를 표시합니다.",
  "BITD.Turf": "영토",
  "BITD.Claims": "이권",
  "BITD.Lair": "소굴",
  "BITD.Coin": "금전",
  "BITD.Coins": "금전",
  "BITD.Stash": "저축",
  "BITD.CrewReputation": "조직 평판",
  "BITD.DeityDescription": "신 설명",
  "BITD.CrewUpgrades": "조직 업그레이드",
  "BITD.Hold": "통제력",
  "BITD.Weak": "약",
  "BITD.Strong": "강",
  "BITD.Tier": "등급",
  "BITD.Rep": "명성",
  "BITD.Vault": "금고실",
  "BITD.Heat": "열기",
  "BITD.Wanted": "수배 단계",
  "BITD.Abilities": "특수 능력",
  "BITD.Upgrades": "업그레이드",
  "BITD.Cohorts": "부하",
  "BITD.Notes": "메모",
  "BITD.AllItems": "모든 아이템",
  "BITD.CrewXP": "조직 XP",
  "BITD.XP": "XP",
  "BITD.AddXP": "XP 증가",
  "BITD.MinusXP": "XP 감소",
  "BITD.AddXPClock": "XP 시계 생성",
  "BITD.MinusXPClock": "XP 시계 제거",
  "BITD.CrewExpClue1": "세션이 끝났을 때, 다음 항목 중 해당되는 것마다 1xp를 표시합니다. 한 세션에 여러 번 일어났다면 2xp를 표시합니다.",
  "BITD.SpecialAbilities": "Special Abilities",
  "BITD.Claimed": "획득함",

  "BITD.Gang": "패거리",
  "BITD.Expert": "전문가",
  "BITD.GangTypeAdepts": "식자",
  "BITD.GangTypeAdeptsDescription": "학자, 땜장이, 오컬티스트, 약사.",
  "BITD.GangTypeRooks": "박쥐",
  "BITD.GangTypeRooksDescription": "사기꾼, 첩자, 사교계 인물.",
  "BITD.GangTypeRovers": "떠돌이",
  "BITD.GangTypeRoversDescription": "선원, 수레몰이, 죽음의 땅 넝마주이.",
  "BITD.GangTypeSkulks": "생쥐",
  "BITD.GangTypeSkulksDescription": "정찰수, 잠입자, 도둑.",
  "BITD.GangTypeThugs": "깡패",
  "BITD.GangTypeThugsDescription": "살인자, 싸움꾼, 잡역부.",

  "BITD.EdgesFearsome": "무시무시함",
  "BITD.EdgesFearsomeDescription": "소문으로 들어도 직접 봐도 무시무시합니다.",
  "BITD.EdgesIndependent": "독립성",
  "BITD.EdgesIndependentDescription": "판단력이 좋아 직접 명령 없이도 스스로 행동할 수 있습니다.",
  "BITD.EdgesLoyal": "의리",
  "BITD.EdgesLoyalDescription": "뇌물을 받거나 적에게 넘어가지 않습니다.",
  "BITD.EdgesTenacious": "끈질김",
  "BITD.EdgesTenaciousDescription": "맡은 일을 포기하지 않습니다.",

  "BITD.FlawsPrincipled": "원칙주의",
  "BITD.FlawsPrincipledDescription": "이 부하는 위반하지 않는 윤리나 가치관이 있습니다.",
  "BITD.FlawsSavage": "야만적",
  "BITD.FlawsSavageDescription": "이 부하는 과하게 폭력적이고 잔인합니다.",
  "BITD.FlawsUnreliable": "못미더움",
  "BITD.FlawsUnreliableDescription": "다른 일이 있거나 악습에 몰입하거나 해서 일을 못할 때가 많습니다.",
  "BITD.FlawsWild": "제멋대로",
  "BITD.FlawsWildDescription": "이 부하는 취했거나, 방탕하거나, 쓸데없는 말이 많습니다.",

  "BITD.HarmNoHarm": "건강",
  "BITD.HarmNoHarmDescription": "부하가 건강합니다.",
  "BITD.HarmWeakened": "약화",
  "BITD.HarmWeakenedDescription": "부하의 효과가 감소합니다.",
  "BITD.HarmImpaired": "손상",
  "BITD.HarmImpairedDescription": "부하는 품질 하나가 낮아집니다 (-1d).",
  "BITD.HarmBroken": "무력",
  "BITD.HarmBrokenDescription": "부하는 회복할 때까지 아무 것도 할 수 없습니다.",
  "BITD.HarmDead": "사망",
  "BITD.HarmDeadDescription": "부하는 모두 죽거나 흩어집니다.<br>조직 등급+2만큼의 금전과 더불어 막간 활동 2회를 소비하면 새로운 부하를 들일 수 있습니다.",

  "BITD.Roll": "굴림: ",
  "BITD.RollFailure": "실패",
  "BITD.RollCriticalSuccess": "대성공!",
  "BITD.RollSuccess": "완전 성공",
  "BITD.RollPartialSuccess": "부분 성공",
  "BITD.RollSomeDice": "주사위를 굴리세요!",
  "BITD.RollNumberOfDice": "주사위 개수",
  "BITD.RollDoWithIncreasedEffect": "<strong>더 큰 효과로</strong> 해냅니다.",
  "BITD.RollDo": "해냅니다.",
  "BITD.RollPartialSuccessPositionControlled": "주저합니다. 물러서서 다른 접근 방법을 시도하거나, 일은 해내지만 작은 대가가 있습니다: <strong>경미한 골칫거리</strong>가 생깁니다, <strong>효과가 감소</strong>합니다, <strong>경미한 피해</strong>를 입습니다, <strong>모험적</strong>인 처지가 됩니다.",
  "BITD.RollPartialSuccessPositionRisky": "해내지만 대가가 있습니다: <strong>피해</strong>를 입습니다, <strong>골칫거리</strong>가 생깁니다, <strong>효과가 감소</strong>합니다, <strong>필사적</strong>인 처지가 됩니다.",
  "BITD.RollPartialSuccessPosition": "해내지만 대가가 있습니다: <strong>심각한 피해</strong>를 입습니다, <strong>심각한 골칫거리</strong>가 생깁니다, <strong>효과가 감소</strong>합니다.",
  "BITD.RollFailurePositionControlled": "실패합니다. <strong>모험적</strong>인 기회를 잡아서 계속할 수도, 물러서서 다른 접근 방법을 시도할 수도 있습니다.",
  "BITD.RollFailurePositionRisky": "상황이 안 좋게 돌아갑니다. <strong>피해</strong>를 입습니다, <strong>골칫거리</strong>가 생깁니다, <strong>필사적</strong>인 처지가 됩니다, <strong>이 기회를 잃습니다</strong>.",
  "BITD.RollFailurePositionDesperate": "최악의 결과입니다. <strong>심각한 피해</strong>를 입습니다, <strong>심각한 골칫거리</strong>가 생깁니다, <strong>이 기회를 잃습니다</strong>.",
    "BITD.RollResistance": "대가의 효과가 <strong>감소</strong> 또는 <strong>면제</strong> (마스터가 선택).<br/><strong>스트레스 {stress}</strong>를 받음.",
  "BITD.RollResistanceCritical": "대가의 효과가 <strong>감소</strong> 또는 <strong>면제</strong> (마스터가 선택).<br/><strong>스트레스 1</strong>회복.",
  "BITD.RollPeril": "위기",
  "BITD.RollThreatSuccess": "대가를 회피합니다.",
  "BITD.RollThreatPeril": "완화된 대가를 받습니다. <strong>분발</strong>하여 회피할 수 있습니다.",
  "BITD.RollThreatThreat": "대가를 그대로 받습니다. <strong>분발</strong>하여 완화할 수 있습니다.",

  "BITD.PositionControlled": "안정적",
  "BITD.PositionRisky": "모험적",
  "BITD.PositionDesperate": "필사적",
  "BITD.EffectLimited": "제한적",
  "BITD.EffectStandard": "표준적",
  "BITD.EffectGreat": "극적",

  "BITD.SkillsInsight": "통찰",
  "BITD.SkillsInsightShort": "통찰",
  "BITD.SkillsHunt": "사냥",
  "BITD.SkillsStudy": "연구",
  "BITD.SkillsSurvey": "파악",
  "BITD.SkillsTinker": "땜질",

  "BITD.SkillsProwess": "체력",
  "BITD.SkillsProwessShort": "체력",
  "BITD.SkillsFinesse": "기교",
  "BITD.SkillsProwl": "잠행",
  "BITD.SkillsSkirmish": "접전",
  "BITD.SkillsWreck": "파괴",

  "BITD.SkillsResolve": "의지",
  "BITD.SkillsResolveShort": "의지",
  "BITD.SkillsAttune": "조율",
  "BITD.SkillsCommand": "명령",
  "BITD.SkillsConsort": "친교",
  "BITD.SkillsSway": "현혹",

  "BITD.AddAbility": "능력 추가",
  "BITD.AddItem": "물품 추가",
  "BITD.ImportPlaybookContacts": "플레이북 지인 불러오기",
  "BITD.Uses": "사용 횟수",
  "BITD.NumberAvailable": "가용 수량",
  "BITD.AdditionalInfo": "추가 정보",

  "BITD.Position": "처지",
  "BITD.Effect": "효과",
  "BITD.Modifier": "수정치",

  "BITD.Encumbered": "과적",
  "BITD.OverMax": "최대치",
  "BITD.Discreet": "경장",
  "BITD.Conspicuous": "중장",

  "BITD.Drain": "소모",
  "BITD.Wear": "고장",
  "BITD.Gloom": "암울",

  "BITD.Add": "추가",
  "BITD.Effects": "이펙트",
  "BITD.EffectCreate": "이펙트 생성",
  "BITD.EffectToggle": "이펙트 전환",
  "BITD.EffectEdit": "이펙트 편집",
  "BITD.EffectDelete": "이펙트 제거",
  "BITD.EffectWarning": "소유한 아이템 내의 액티브 이펙트 관리는 현재 FoundryVTT에서 지원하지 않으며 향후 업데이트에 추가될 예정입니다.",

  "BITD.Name": "이름",
  "BITD.CampaignName": "캠페인 이름",
  "BITD.CrewName": "조직 이름",

  "BITD.DangerousFriends": "Dangerous Friends",
  "BITD.EnemiesRivals": "Enemies and Rivals",
  "BITD.DeadlyFriends": "Deadly Friends",
  "BITD.Blank": "",
  "BITD.CleverFriends": "Clever Friends",
  "BITD.ShadyFriends": "Shady Friends",
  "BITD.SlyFriends": "Sly Friends",
  "BITD.ShrewdFriends": "Shrewd Friends",
  "BITD.DarkServants": "Dark Servants",
  "BITD.StrangeFriends": "Strange Friends",
  "BITD.Acquaintances": "Acquaintances",
  "BITD.Contacts": "지인",
 
  "BITD.HuntingGrounds": "사냥터",
  "BITD.SacredSites": "성지",
  "BITD.SalesTerritory": "시장",
  "BITD.CargoTypes": "화물 유형",
  "BITD.Prison": "감옥",

  "BITD.ActionRoll": "액션",
  "BITD.ThreatRoll": "위협",
  "BITD.PushYourself": "분발",
  "BITD.IndulgeVice": "악습 탐닉",
  "BITD.GatherInformation": "정보 수집",
  "BITD.Fortune": "행운",
  "BITD.Engagement": "접근",
  "BITD.AcquireAsset": "자산 조달",
  "BITD.AcquireAssetExtra": "대성공을 넘어서 결과를 높이려면 추가 +1 등급 보너스마다 <strong>2 금전</strong>을 소비해야 합니다.",
  "BITD.CrewTier": "조직 등급",
  "BITD.ExtraThreats": "추가 위협",
  "BITD.Threats": "위협.",

  "BITD.RollVice": "악습에 탐닉합니다.<br/><strong>스트레스 {clear_stress}</strong>를 해소합니다.",
  "BITD.RollViceFailure": "<strong>과잉 탐닉</strong>했습니다. <strong>스트레스 {clear_stress}</strong>를 해소하고 다음 대가 중 <strong>하나</strong>를 선택하십시오:",
  "BITD.RollViceFailureAttactTrouble": "<strong>문제를 초래한다.</strong> 추가 <strong>얽힘</strong>을 선택하거나 판정합니다.",
  "BITD.RollViceFailureBrag": "<strong>자랑한다.</strong> 자기 행각을 떠벌립니다. <strong>+2 열기</strong>",
  "BITD.RollViceFailureLost": "<strong>실종된다.</strong> 캐릭터가 몇 주 동안 사라집니다. 악습에 취해 돌아올 때까지 다른 캐릭터를 플레이하십시오. 캐릭터가 돌아오면 입었던 피해는 모두 치유됩니다.",
  "BITD.RollViceFailureTapped": "<strong>서비스 거부.</strong> 지금 거래 중인 상인이 서비스를 거부합니다. 악습에 탐닉할 방법을 새로 찾아야 합니다.",

  "BITD.RollFortuneCritical": "<strong>매우 좋은</strong> 결과입니다. <strong>극적</strong> 또는 <strong>극단적</strong> 효과를 얻습니다.",
  "BITD.RollFortuneSuccess": "<strong>좋은</strong> 결과입니다. <strong>표준적</strong> 또는 <strong>온전한</strong> 효과를 얻습니다.",
  "BITD.RollFortunePartialSuccess": "<strong>보통</strong> 결과입니다. <strong>제한적</strong> 또는 <strong>부분적</strong> 효과를 얻습니다.",
  "BITD.RollFortuneFailure": "<strong>나쁜</strong> 결과입니다. <strong>없거나 미미</strong>한 효과를 얻습니다.",

  "BITD.RollGatherInformationSuccess": "<strong>극적</strong>: 매우 상세합니다. 정보가 완전하며, 후속 질문을 통해 관련 분야 정보를 더 얻거나 기대 이상의 사실을 밝혀낼 수도 있습니다.",
  "BITD.RollGatherInformationPartialSuccess": "<strong>표준적</strong>: 상세합니다. 불분명한 점에 대해 추가 설명을 부탁하거나 후속 질문을 할 수 있습니다.",
  "BITD.RollGatherInformationFailure": "<strong>제한적</strong>: 불완전하거나 부분적인 정보를 얻습니다. 모든 답을 얻으려면 정보 수집을 더 해야 합니다.",

  "BITD.RollEngagementCritical": "훌륭한 결과. 이미 <strong>첫 장애물을 극복했고</strong>, 다음 번 상황에서는 <strong>안정적</strong> 처지가 됩니다.",
  "BITD.RollEngagementSuccess": "좋은 결과. 액션이 시작될 때 <strong>안정적</strong> 처지에 있습니다.",
  "BITD.RollEngagementPartialSuccess": "보통 결과. 액션이 시작될 때 <strong>모험적</strong> 처지에 있습니다.",
  "BITD.RollEngagementFailure": "나쁜 결과. 액션이 시작될 때 <strong>필사적</strong> 처지에 있습니다.",

  "BITD.RollAcquireAssetResult": "품질이 <strong>{tier_quality}등급</strong>인 자산을 획득합니다.",
  "BITD.RollAcquireAssetCritical": "매우 좋은 결과.",
  "BITD.RollAcquireAssetSuccess": "좋은 결과.",
  "BITD.RollAcquireAssetPartialSuccess": "보통 결과.",
  "BITD.RollAcquireAssetFailure": "나쁜 결과.",

  "BITD.Short": "짧은",
  "BITD.Full": "전체",
  "BITD.Associated": "관련된",
  "BITD.DisabledByAE": "Minimum Value set by an Active Effect",
  "BITD.NoMastery": "이 무뢰한은 달인이 아닙니다",
  "BITD.UnusedDice": "사용하지 않은 주사위",
  "BITD.Edge": "기세",
  "BITD.GainEdge": "<strong>기세</strong>를 잡았습니다.",
  "BITD.DiceRoller": "Dice Roller",
  
  "BITD.Colors": {
    "Black": "검정",
    "Blue": "파랑",
    "Green": "초록",
    "Grey": "회색",
    "Red": "빨강",
    "White": "하양",
    "Yellow": "노랑"
  },
  
  "BITD.Settings": {
    "Action": {
      "Name": "행동 판정 (Action Rolls)",
      "Hint": "액터 주사위 롤러에서 행동 판정을 활성화합니다; 위협 판정을 활성화한 경우에만 체크 해제하십시오."
    },
    "Threat": {
      "Name": "위협 판정 (Threat Rolls)",
      "Hint": "딥 컷(Deep Cuts) 서플리먼트의 위협 판정을 활성화합니다."
    },
    "Push": {
      "Name": "분발 판정 (Push Yourself Rolls)",
      "Hint": "기본 저항 판정을 딥 컷(Deep Cuts) 서플리먼트의 분발 판정으로 대체합니다."
    },
    "Load": {
      "Name": "대체 하중 규칙",
      "Hint": "기본 하중 규칙(가벼움/보통/무거움)을 딥 컷(Deep Cuts) 서플리먼트의 하중 규칙(눈에 안 띔/눈에 띔)으로 대체합니다."
    },
    "ClockXP": {
      "Name": "경험치 시계",
      "Hint": "기본 경험치 규칙을 딥 컷(Deep Cuts) 서플리먼트의 경험치 시계로 대체합니다."
    },
    "Edge": {
      "Name": "기세 (Edge)",
      "Hint": "딥 컷(Deep Cuts) 서플리먼트의 기세(Edge) 규칙을 캐릭터 시트에 추가합니다."
    },
    "PublicClocks": {
      "Name": "기본 공개 시계",
      "Hint": "새로 생성되는 시계 액터의 권한을 모든 플레이어에게 '관찰자(Observer)'로 설정합니다."
    }
  },
  "BITD.log": {
    "info": {
      "SameNPC": "이 NPC는 이미 캐릭터의 지인입니다.",
      "SameCrew": "이 조직은 이미 캐릭터가 소속된 조직입니다."
    },
    "warn": {
      "NoNPC": "이 NPC는 월드나 컴펜디움에 존재하지 않습니다."
    }
  }

}