{
  "id": "bitdkr",
  "title": "Translation : Korean [BITD]",
  "description": "어둠 속의 칼날(Blades in the Dark)의 한국어 번역 모듈입니다.",
  "authors": [
    {
      "name": "Akasha",
		"url": "Discord: akasha0513"
    }
  ],
  "version": "1.0.0",
  "compatibility": {
    "minimum": "3.0.0",
    "verified": "12.331"
  },
  "esmodules": [
    "register.js"
  ],
  "relationships": {
    "requires": [
      {
        "id": "babele",
        "type": "module",
        "compatibility": {}
      }
    ]
  },
  "languages": [
   
    {
      "lang": "ko",
      "name": "한국어(Korean)",
      "path": "ko.json"
    }
  ],
	
  "url": "https://github.com/Akasha0513/bitdkr",
  "manifest": "https://github.com/Akasha0513/bitdkr/releases/latest/download/module.json",
  "download": "https://github.com/Akasha0513/bitdkr/releases/latest/download/module.zip"	
}
